date,exchange,code,name,total_shares_wanfen
2026-07-01,SSE,510010,治理ETF,13152.44
2026-07-01,SSE,510020,超大ETF,3584.8
2026-07-01,SSE,510030,价值ETF,16372.98
2026-07-01,SSE,510040,上证180E,3448
2026-07-01,SSE,510050,50ETF,638886.68
2026-07-01,SSE,510060,央企ETF,3695.92
2026-07-01,SSE,510090,ESG建信,2508.11
2026-07-01,SSE,510100,SZ50ETF,110030.68
2026-07-01,SSE,510130,中盘ETF,3108.51
2026-07-01,SSE,510150,消费ETF,298517.86
2026-07-01,SSE,510160,产业升级,19405.74
2026-07-01,SSE,510170,商品ETF,36491.48
2026-07-01,SSE,510180,180ETF,445855.77
2026-07-01,SSE,510190,上证50基,2365.08
2026-07-01,SSE,510200,上证券商,15488.55
2026-07-01,SSE,510210,综指ETF,818019.26
2026-07-01,SSE,510230,金融ETF,87580.8
2026-07-01,SSE,510270,国企ETF,1783.21
2026-07-01,SSE,510290,380ETF,5444.89
2026-07-01,SSE,510300,300ETF,1839558.77
2026-07-01,SSE,510310,HS300ETF,1133524.4
2026-07-01,SSE,510320,300中金,63706.85
2026-07-01,SSE,510330,华夏300,750354.98
2026-07-01,SSE,510350,工银300,67781.47
2026-07-01,SSE,510360,广发300,151438.12
2026-07-01,SSE,510370,兴业300,7825.81
2026-07-01,SSE,510380,国寿300,124280.24
2026-07-01,SSE,510390,平安300,11945
2026-07-01,SSE,510410,资源ETF,42125.84
2026-07-01,SSE,510500,500ETF,410896.86
2026-07-01,SSE,510510,广发500,76903.83
2026-07-01,SSE,510530,工银500,4497.94
2026-07-01,SSE,510550,方正500,2174.33
2026-07-01,SSE,510560,国寿500,6231.87
2026-07-01,SSE,510570,兴业500,2806.06
2026-07-01,SSE,510580,ZZ500ETF,90616.83
2026-07-01,SSE,510590,平安500,13878.61
2026-07-01,SSE,510600,沪50ETF,1211.51
2026-07-01,SSE,510630,消费30,53236.15
2026-07-01,SSE,510650,金融行业,1195.25
2026-07-01,SSE,510660,医药行业,5487.97
2026-07-01,SSE,510670,180指,20049.3
2026-07-01,SSE,510680,万家50,1782.47
2026-07-01,SSE,510710,上50ETF,10431.89
2026-07-01,SSE,510720,红利国泰,372976.6
2026-07-01,SSE,510760,上证ETF,202150.37
2026-07-01,SSE,510770,G60创新,2311.07
2026-07-01,SSE,510800,上证50,18357.6
2026-07-01,SSE,510810,上海国企,605899.37
2026-07-01,SSE,510850,工银上50,6109.89
2026-07-01,SSE,510880,红利ETF,768367.57
2026-07-01,SSE,510900,恒生中国,345302.19
2026-07-01,SSE,510910,上证指CS,9979.6
2026-07-01,SSE,510950,上证广发,10372.08
2026-07-01,SSE,510980,上证综合,44379.8
2026-07-01,SSE,510990,ESG180,3894.86
2026-07-01,SSE,511010,国债ETF,3668.63
2026-07-01,SSE,511020,活跃国债,2943.75
2026-07-01,SSE,511030,公司债,38155.07
2026-07-01,SSE,511060,5年地债,1623.63
2026-07-01,SSE,511070,沪公司债,26101.1
2026-07-01,SSE,511090,30年国债,25466.81
2026-07-01,SSE,511100,基准国债,11633.05
2026-07-01,SSE,511110,公司债易,26939.96
2026-07-01,SSE,511120,科创债基,11369.06
2026-07-01,SSE,511130,国债30年,17359.97
2026-07-01,SSE,511150,科债永赢,11359.09
2026-07-01,SSE,511160,国债东财,2945.09
2026-07-01,SSE,511180,上证转债,91195.97
2026-07-01,SSE,511190,信用债,12249.43
2026-07-01,SSE,511200,信用债基,19736.75
2026-07-01,SSE,511220,城投ETF,527778.14
2026-07-01,SSE,511260,十年国债,14488.65
2026-07-01,SSE,511270,10年地债,8328.75
2026-07-01,SSE,511360,短融ETF,68942.86
2026-07-01,SSE,511380,转债ETF,427148.67
2026-07-01,SSE,511520,政金债,35796.65
2026-07-01,SSE,511580,国债政金,9150.08
2026-07-01,SSE,512000,券商ETF,7129443.54
2026-07-01,SSE,512010,医药ETF,4921469.49
2026-07-01,SSE,512020,A500,94101.27
2026-07-01,SSE,512030,A50增,4524
2026-07-01,SSE,512040,国信价值,413871.59
2026-07-01,SSE,512050,A500E,1343299.22
2026-07-01,SSE,512060,A100指基,892.8
2026-07-01,SSE,512070,证券保险,1738247.97
2026-07-01,SSE,512080,A500中金,59618.61
2026-07-01,SSE,512090,MSCI易基,33559.23
2026-07-01,SSE,512100,1000ETF,301121.76
2026-07-01,SSE,512120,医药50,84924.19
2026-07-01,SSE,512130,现金全指,1389.5
2026-07-01,SSE,512140,电力事业,16104.9
2026-07-01,SSE,512150,A50ETF,1907.34
2026-07-01,SSE,512160,MSCI基金,12177.78
2026-07-01,SSE,512170,医疗ETF,8330582.05
2026-07-01,SSE,512180,建信MSCI,4804.8
2026-07-01,SSE,512190,之江凤凰,15461.84
2026-07-01,SSE,512200,地产ETF,261884.79
2026-07-01,SSE,512220,TMTETF,19496.76
2026-07-01,SSE,512240,A50龙头,1718.6
2026-07-01,SSE,512250,A50指数E,13160.01
2026-07-01,SSE,512260,500低波,2209.77
2026-07-01,SSE,512290,生物医药,385882.07
2026-07-01,SSE,512330,信息ETF,36268.8
2026-07-01,SSE,512360,MSCI国际,2733.77
2026-07-01,SSE,512370,A500增指,32631.3
2026-07-01,SSE,512380,MSCI中国,7280.56
2026-07-01,SSE,512390,MSCI低波,1868.2
2026-07-01,SSE,512400,有色ETF,1214103.9
2026-07-01,SSE,512430,家电家居,3172
2026-07-01,SSE,512450,广发养殖,11036.7
2026-07-01,SSE,512460,电池主题,15482.3
2026-07-01,SSE,512480,半导体,868900.36
2026-07-01,SSE,512500,中证500,156240.88
2026-07-01,SSE,512510,ETF500,39592.98
2026-07-01,SSE,512520,MSCIETF,4205.64
2026-07-01,SSE,512530,300红利,10250.2
2026-07-01,SSE,512550,A50基金,10990.6
2026-07-01,SSE,512560,中证军工,78712.7
2026-07-01,SSE,512570,中证证券,344380.61
2026-07-01,SSE,512580,环保ETF,58167.17
2026-07-01,SSE,512600,必选消费,153615.61
2026-07-01,SSE,512620,农业TH,119466.6
2026-07-01,SSE,512630,卫星基金,154442.6
2026-07-01,SSE,512640,金融地产,2224.09
2026-07-01,SSE,512650,长三角,3494.16
2026-07-01,SSE,512660,军工ETF,527108
2026-07-01,SSE,512670,国防ETF,192765.26
2026-07-01,SSE,512680,军工基金,333613.01
2026-07-01,SSE,512690,酒ETF,3432175.02
2026-07-01,SSE,512700,银行基金,78408.1
2026-07-01,SSE,512710,军工龙头,1121865.84
2026-07-01,SSE,512720,计算机,39445.34
2026-07-01,SSE,512730,银行FUND,7158.39
2026-07-01,SSE,512750,基本面50,4745.49
2026-07-01,SSE,512760,芯片ETF,880144.55
2026-07-01,SSE,512770,战略新兴,9976.78
2026-07-01,SSE,512800,银行ETF,1414947.99
2026-07-01,SSE,512810,国防军工,94558.35
2026-07-01,SSE,512820,银行股基,45040.19
2026-07-01,SSE,512870,杭州湾区,2141.06
2026-07-01,SSE,512880,证券ETF,5126829.15
2026-07-01,SSE,512890,红利低波,2928611.08
2026-07-01,SSE,512900,证券基金,714590.6
2026-07-01,SSE,512910,100ETF,13112.88
2026-07-01,SSE,512930,AIETF,432852.13
2026-07-01,SSE,512940,有色矿业,218170.5
2026-07-01,SSE,512950,央企改革,404555.1
2026-07-01,SSE,512960,央调ETF,385245.73
2026-07-01,SSE,512970,湾区ETF,998.76
2026-07-01,SSE,512980,传媒ETF,424042.44
2026-07-01,SSE,512990,MSCIA股,9901.54
2026-07-01,SSE,513000,225ETF,98191.14
2026-07-01,SSE,513010,港股科技,4544430.7
2026-07-01,SSE,513020,科技HK,270814.54
2026-07-01,SSE,513030,德国ETF,101327.9
2026-07-01,SSE,513040,HK互联网,582334.13
2026-07-01,SSE,513050,中概互联,3355443.27
2026-07-01,SSE,513060,恒生医疗,1123539.33
2026-07-01,SSE,513070,HK消费50,123776.08
2026-07-01,SSE,513080,法国ETF,63541.6
2026-07-01,SSE,513090,香港证券,1057748.8
2026-07-01,SSE,513100,纳指ETF,946511.06
2026-07-01,SSE,513110,纳指100,215943.5
2026-07-01,SSE,513120,HK创新药,2260863.54
2026-07-01,SSE,513130,恒生科技,6529234.7
2026-07-01,SSE,513140,港股金融,8386.8
2026-07-01,SSE,513150,港科技50,11705.98
2026-07-01,SSE,513160,科技30,348218.93
2026-07-01,SSE,513170,恒生央企,20857.3
2026-07-01,SSE,513180,恒指科技,7284875.95
2026-07-01,SSE,513190,H股金融,99393.6
2026-07-01,SSE,513200,港股医药,104428.21
2026-07-01,SSE,513210,恒生E,4294.2
2026-07-01,SSE,513220,互联网30,56110.94
2026-07-01,SSE,513230,H股消费,31242.27
2026-07-01,SSE,513240,港信息,7949.6
2026-07-01,SSE,513260,恒科技,533124.3
2026-07-01,SSE,513280,恒生生物,41811.45
2026-07-01,SSE,513290,纳指生物,95807.21
2026-07-01,SSE,513300,纳斯达克,519667.1
2026-07-01,SSE,513310,中韩芯片,230142.7
2026-07-01,SSE,513320,HK新经济,11101.06
2026-07-01,SSE,513330,恒生互联,7243748
2026-07-01,SSE,513350,油气ETF,80374.6
2026-07-01,SSE,513360,教育ETF,65971.39
2026-07-01,SSE,513380,科技恒生,1914178.49
2026-07-01,SSE,513390,纳指基金,187237.91
2026-07-01,SSE,513400,道琼斯,229206.2
2026-07-01,SSE,513500,标普500,995163.86
2026-07-01,SSE,513520,日经ETF,105638.72
2026-07-01,SSE,513530,港股红利,260393.87
2026-07-01,SSE,513550,港股通50,160699.2
2026-07-01,SSE,513560,香港科技,56438.6
2026-07-01,SSE,513580,HS科技,672711.8
2026-07-01,SSE,513590,香港消费,13471.89
2026-07-01,SSE,513600,恒指ETF,60382.95
2026-07-01,SSE,513620,港医疗指,17121.6
2026-07-01,SSE,513630,香港红利,759135.9
2026-07-01,SSE,513650,标普ETF,419173.4
2026-07-01,SSE,513660,恒生通,224200.02
2026-07-01,SSE,513690,恒生股息,354297.99
2026-07-01,SSE,513700,香港医药,94984.6
2026-07-01,SSE,513720,香港互联,23885.9
2026-07-01,SSE,513730,东南亚,86235.5
2026-07-01,SSE,513750,港股非银,956633.8
2026-07-01,SSE,513770,港股互联,1452313.79
2026-07-01,SSE,513780,港股新药,177265.7
2026-07-01,SSE,513800,东证ETF,105704.44
2026-07-01,SSE,513810,港股国企,3699.2
2026-07-01,SSE,513820,港股分红,185566.9
2026-07-01,SSE,513830,红利港股,5731.1
2026-07-01,SSE,513850,美国50,120189.26
2026-07-01,SSE,513860,HKC科技,422247.06
2026-07-01,SSE,513870,纳指指数,127167.1
2026-07-01,SSE,513880,日经225,127347
2026-07-01,SSE,513890,HK科技,92412.8
2026-07-01,SSE,513900,港股100,12297.8
2026-07-01,SSE,513910,红利央企,210027.6
2026-07-01,SSE,513920,央企40,260923.1
2026-07-01,SSE,513930,香港生科,8340.8
2026-07-01,SSE,513950,恒生红利,201161.9
2026-07-01,SSE,513970,恒生消费,152404.1
2026-07-01,SSE,513980,科技港股,2341420.4
2026-07-01,SSE,513990,港股通综,6700
2026-07-01,SSE,515000,科技ETF,232657.93
2026-07-01,SSE,515010,华夏证券,187277.16
2026-07-01,SSE,515020,银行指数,39784.53
2026-07-01,SSE,515030,新汽车,164438.4
2026-07-01,SSE,515050,5GETF,1787520.54
2026-07-01,SSE,515060,华夏地产,87847.81
2026-07-01,SSE,515070,AI智能,365147.02
2026-07-01,SSE,515080,中证红利,823614.89
2026-07-01,SSE,515090,可持续,880.17
2026-07-01,SSE,515100,红利100,424144.15
2026-07-01,SSE,515110,国企方达,22229.5
2026-07-01,SSE,515120,创新药,1821999.36
2026-07-01,SSE,515130,HS300E,7346.32
2026-07-01,SSE,515150,国企富国,39870.32
2026-07-01,SSE,515160,MSCI招商,24595.51
2026-07-01,SSE,515170,食品饮料,907975.79
2026-07-01,SSE,515180,100红利,1227363.7
2026-07-01,SSE,515190,BOCI500,26546.61
2026-07-01,SSE,515200,创新100,4094.32
2026-07-01,SSE,515210,钢铁ETF,88422.61
2026-07-01,SSE,515220,煤炭ETF,1085167.69
2026-07-01,SSE,515230,软件ETF,694669.09
2026-07-01,SSE,515250,智能汽车,37394.45
2026-07-01,SSE,515260,电子ETF,100856.84
2026-07-01,SSE,515290,银行,269897.29
2026-07-01,SSE,515300,红利300,393117.52
2026-07-01,SSE,515310,添富300,22711.12
2026-07-01,SSE,515320,电子50,8130.9
2026-07-01,SSE,515330,天弘300,538470.95
2026-07-01,SSE,515350,民生300,1169.92
2026-07-01,SSE,515360,方正300,3827.93
2026-07-01,SSE,515370,中证光伏,95171.3
2026-07-01,SSE,515380,泰康300,64089.98
2026-07-01,SSE,515390,HS300,135868.3
2026-07-01,SSE,515400,大数据,144863.14
2026-07-01,SSE,515450,红利50,1383683.5
2026-07-01,SSE,515460,质量红利,29909.1
2026-07-01,SSE,515530,泰康500,1224.27
2026-07-01,SSE,515550,国联500,1634.57
2026-07-01,SSE,515560,证券E,19188.33
2026-07-01,SSE,515580,中证科技,31003.14
2026-07-01,SSE,515590,500ETFEW,3211.37
2026-07-01,SSE,515600,央企创新,103479.74
2026-07-01,SSE,515630,保险证券,68271.77
2026-07-01,SSE,515640,家电指数,1705
2026-07-01,SSE,515650,消费50,306718.4
2026-07-01,SSE,515660,沪深300E,45879.42
2026-07-01,SSE,515680,创新央企,110026.47
2026-07-01,SSE,515700,新能车,62751.02
2026-07-01,SSE,515710,食品ETF,246409.98
2026-07-01,SSE,515720,金科富国,41261.1
2026-07-01,SSE,515730,家居家电,3989.2
2026-07-01,SSE,515750,科技50,29414.05
2026-07-01,SSE,515760,浙江国资,9688.81
2026-07-01,SSE,515770,MSCIAETF,3672.73
2026-07-01,SSE,515790,光伏ETF,678549.4
2026-07-01,SSE,515800,800ETF,300343.72
2026-07-01,SSE,515810,ZZ800ETF,25490.88
2026-07-01,SSE,515850,证券龙头,39829.1
2026-07-01,SSE,515860,科技100,10787.89
2026-07-01,SSE,515880,通信ETF,3355788.7
2026-07-01,SSE,515890,红利博时,34044.39
2026-07-01,SSE,515900,央创ETF,222604.65
2026-07-01,SSE,515910,质量ETF,24250.7
2026-07-01,SSE,515920,智能消费,6440.57
2026-07-01,SSE,515950,医药龙头,61420.06
2026-07-01,SSE,515960,医药100,25999.19
2026-07-01,SSE,515970,华夏机械,92108.8
2026-07-01,SSE,515980,人工智能,565412.9
2026-07-01,SSE,515990,添富国企,5535.02
2026-07-01,SSE,516000,数据ETF,34685.5
2026-07-01,SSE,516010,游戏ETF,214869.3
2026-07-01,SSE,516020,化工ETF,377082.62
2026-07-01,SSE,516050,科技龙头,15222.8
2026-07-01,SSE,516060,新药ETF,34023.74
2026-07-01,SSE,516070,碳中和50,29464.6
2026-07-01,SSE,516080,创新医药,377355.48
2026-07-01,SSE,516090,新能源E,188884.48
2026-07-01,SSE,516100,科技金融,106075.97
2026-07-01,SSE,516110,汽车ETF,20062.31
2026-07-01,SSE,516120,化工50,538658.2
2026-07-01,SSE,516130,消费龙头,153189
2026-07-01,SSE,516150,稀土基金,379107.7
2026-07-01,SSE,516160,新能源,154414.2
2026-07-01,SSE,516180,光伏产业,15998.7
2026-07-01,SSE,516190,文娱ETF,9381.85
2026-07-01,SSE,516200,证券行业,36960.4
2026-07-01,SSE,516210,银行股,8413.1
2026-07-01,SSE,516220,化工龙头,31117
2026-07-01,SSE,516230,光伏招商,73292.1
2026-07-01,SSE,516250,富国机械,9687.8
2026-07-01,SSE,516260,物联网50,4588.26
2026-07-01,SSE,516270,新能源50,31940.9
2026-07-01,SSE,516290,光伏基金,74119.69
2026-07-01,SSE,516300,中证1000,2301.26
2026-07-01,SSE,516310,银行指基,175915.85
2026-07-01,SSE,516320,装备ETF,8158.93
2026-07-01,SSE,516330,物联网,487.13
2026-07-01,SSE,516350,芯片50,128441.53
2026-07-01,SSE,516360,新材料,5855.18
2026-07-01,SSE,516370,全指电力,31040.8
2026-07-01,SSE,516380,智能电车,7844.93
2026-07-01,SSE,516390,电动车,17226.1
2026-07-01,SSE,516460,现金流E,43869.3
2026-07-01,SSE,516500,生物ETF,28693.72
2026-07-01,SSE,516510,云计算,140589
2026-07-01,SSE,516520,智能驾驶,84176.55
2026-07-01,SSE,516530,物流快递,1830.23
2026-07-01,SSE,516550,农业ETF,24841.44
2026-07-01,SSE,516560,养老ETF,21475.8
2026-07-01,SSE,516570,石化ETF,117735.76
2026-07-01,SSE,516580,新能源BS,14112.41
2026-07-01,SSE,516590,电动汽车,4901.5
2026-07-01,SSE,516600,消服ETF,11633.21
2026-07-01,SSE,516610,医服ETF,21597.48
2026-07-01,SSE,516620,影视ETF,15926.75
2026-07-01,SSE,516630,云计算50,52115.6
2026-07-01,SSE,516640,芯片龙头,122648.28
2026-07-01,SSE,516650,有色50,531046.48
2026-07-01,SSE,516660,新能汽车,15568.9
2026-07-01,SSE,516670,畜牧养殖,298526.63
2026-07-01,SSE,516700,数据产业,14662.2
2026-07-01,SSE,516710,新材料50,7627.2
2026-07-01,SSE,516720,ESGETF,1233.78
2026-07-01,SSE,516730,证券公司,16838.08
2026-07-01,SSE,516750,建材ETF,13066.73
2026-07-01,SSE,516760,养殖ETF,29721.51
2026-07-01,SSE,516770,游戏动漫,33204.8
2026-07-01,SSE,516780,稀土ETF,222809.97
2026-07-01,SSE,516790,保健ETF,17748.22
2026-07-01,SSE,516800,智能制造,18630.8
2026-07-01,SSE,516810,农业,52347.89
2026-07-01,SSE,516820,医疗创新,546741.52
2026-07-01,SSE,516830,300ESG,8717.69
2026-07-01,SSE,516840,汽车基金,12327.7
2026-07-01,SSE,516850,新能源80,14623.7
2026-07-01,SSE,516860,金融科技,115052.2
2026-07-01,SSE,516880,光伏50,98394.41
2026-07-01,SSE,516890,新材ETF,3031.14
2026-07-01,SSE,516900,食品50,35072.9
2026-07-01,SSE,516910,物流ETF,5614.18
2026-07-01,SSE,516920,芯片基金,47446.3
2026-07-01,SSE,516930,生科ETF,11213.96
2026-07-01,SSE,516950,基建ETF,11982.1
2026-07-01,SSE,516960,机械ETF,1305.11
2026-07-01,SSE,516970,基建50,111404.25
2026-07-01,SSE,516980,证券先锋,6751.6
2026-07-01,SSE,517000,沪港深,13279.3
2026-07-01,SSE,517010,HGS500E,8714.42
2026-07-01,SSE,517030,HGS300,8704.03
2026-07-01,SSE,517050,互联网50,34960.5
2026-07-01,SSE,517080,HGS500,18516.6
2026-07-01,SSE,517090,共赢ETF,6407.5
2026-07-01,SSE,517100,AH500ETF,15710.21
2026-07-01,SSE,517110,创新药HK,96809.85
2026-07-01,SSE,517120,创新药50,52696.64
2026-07-01,SSE,517130,云计算JS,25115.4
2026-07-01,SSE,517160,长江ETF,182477.75
2026-07-01,SSE,517170,沪港深E,1613.18
2026-07-01,SSE,517180,中国国企,10149.63
2026-07-01,SSE,517200,互联网,14278.2
2026-07-01,SSE,517300,AH300ETF,126043.45
2026-07-01,SSE,517330,长江保护,180616.9
2026-07-01,SSE,517350,龙头科技,5054.2
2026-07-01,SSE,517360,AH科技,2508.3
2026-07-01,SSE,517380,创新药AH,232232.63
2026-07-01,SSE,517390,云计算AH,13411.26
2026-07-01,SSE,517400,黄金股票,77179.2
2026-07-01,SSE,517520,黄金股,473440.4
2026-07-01,SSE,517550,消费主题,8941.74
2026-07-01,SSE,517660,物联网AH,4468.07
2026-07-01,SSE,517770,游戏传媒,15394.78
2026-07-01,SSE,517800,AI50,23253.97
2026-07-01,SSE,517850,张江ETF,3818.52
2026-07-01,SSE,517880,品牌消费,5333.71
2026-07-01,SSE,517900,银行优选,47999.35
2026-07-01,SSE,517950,交银科技,5912.32
2026-07-01,SSE,517990,医药基金,4798.79
2026-07-01,SSE,518600,上海金,82981.63
2026-07-01,SSE,518660,工银黄金,92355.27
2026-07-01,SSE,518680,金ETF,77326.95
2026-07-01,SSE,518800,黄金基金,359157.92
2026-07-01,SSE,518850,黄金9999,169807.87
2026-07-01,SSE,518860,上海金E,47625.98
2026-07-01,SSE,518880,黄金ETF,1027234.08
2026-07-01,SSE,518890,中银黄金,39985.48
2026-07-01,SSE,520500,恒生新药,196530.5
2026-07-01,SSE,520510,港股医疗,22472.8
2026-07-01,SSE,520520,HK消费,5410.6
2026-07-01,SSE,520530,港科ETF,27077.6
2026-07-01,SSE,520550,红利恒生,109952.4
2026-07-01,SSE,520560,香港30,67741.9
2026-07-01,SSE,520570,科技恒指,356087.6
2026-07-01,SSE,520580,新兴亚洲,29198.39
2026-07-01,SSE,520590,恒科,22323.5
2026-07-01,SSE,520600,汽车港股,32636.8
2026-07-01,SSE,520610,港红利指,28596.3
2026-07-01,SSE,520620,港股消费,34940.9
2026-07-01,SSE,520630,互联港股,44561
2026-07-01,SSE,520650,互联网HK,188875.5
2026-07-01,SSE,520660,港红利CS,230748.55
2026-07-01,SSE,520670,港科基金,23242.81
2026-07-01,SSE,520680,港股通车,6736.9
2026-07-01,SSE,520690,恒生港药,72245.4
2026-07-01,SSE,520700,创新药WJ,53007.6
2026-07-01,SSE,520710,信息港股,9102.9
2026-07-01,SSE,520720,香港汽车,13194.2
2026-07-01,SSE,520730,汽车WJ,12539.44
2026-07-01,SSE,520760,港股生物,20546.6
2026-07-01,SSE,520770,港股恒指,20937.38
2026-07-01,SSE,520780,港股车50,3946
2026-07-01,SSE,520790,港互联网,38507.5
2026-07-01,SSE,520810,港高股息,28036
2026-07-01,SSE,520820,恒指通,6668.2
2026-07-01,SSE,520830,沙特ETF,118661.9
2026-07-01,SSE,520840,港科技,127004.9
2026-07-01,SSE,520850,港医疗,17824.96
2026-07-01,SSE,520860,港股通科,34319.5
2026-07-01,SSE,520870,巴西ETF,54647.72
2026-07-01,SSE,520880,港创新药,572961.8
2026-07-01,SSE,520890,港红利,7200.8
2026-07-01,SSE,520900,红利香港,179867.5
2026-07-01,SSE,520910,HK互联,77944.5
2026-07-01,SSE,520920,恒生科TH,1918301.9
2026-07-01,SSE,520930,恒生生科,12973.3
2026-07-01,SSE,520940,恒指基金,2329.7
2026-07-01,SSE,520950,港股50,35142.1
2026-07-01,SSE,520960,恒指港通,6660.34
2026-07-01,SSE,520970,港股通药,135135.8
2026-07-01,SSE,520980,港科技30,373638.7
2026-07-01,SSE,520990,国新红利,368947.05
2026-07-01,SSE,526000,港股信息,10714.2
2026-07-01,SSE,526010,香港医疗,8545.8
2026-07-01,SSE,526030,港信息基,18646.5
2026-07-01,SSE,526050,香港信息,6163
2026-07-01,SSE,526070,恒生博时,10337.7
2026-07-01,SSE,530000,50ETF基,95202.94
2026-07-01,SSE,530050,SH50ETF,12481.3
2026-07-01,SSE,530060,上证综E,24319.3
2026-07-01,SSE,530080,180指基,3091.7
2026-07-01,SSE,530100,上证580,12069.6
2026-07-01,SSE,530180,上证180,6595.2
2026-07-01,SSE,530280,180ETF指,2843.4
2026-07-01,SSE,530300,180指数,3764.3
2026-07-01,SSE,530380,上证380,15070.5
2026-07-01,SSE,530530,580ETF,12546
2026-07-01,SSE,530580,180基金,6114.9
2026-07-01,SSE,530680,180E,11689.19
2026-07-01,SSE,530800,上180ETF,1820.18
2026-07-01,SSE,530880,上证红利,4583.6
2026-07-01,SSE,551000,科创债,8058.61
2026-07-01,SSE,551030,科创债券,19072
2026-07-01,SSE,551060,科创债沪,5829.1
2026-07-01,SSE,551300,科创债摩,5009.75
2026-07-01,SSE,551500,科创债易,10867
2026-07-01,SSE,551510,科债AAA,13672.61
2026-07-01,SSE,551520,科创债汇,19583.16
2026-07-01,SSE,551550,科创AAA,17044.82
2026-07-01,SSE,551560,科创债兴,17112.88
2026-07-01,SSE,551580,科创债TK,10802.68
2026-07-01,SSE,551800,国泰科债,12205.14
2026-07-01,SSE,551900,科创债指,14923.17
2026-07-01,SSE,560000,智慧电车,702.29
2026-07-01,SSE,560010,1000基金,185662.17
2026-07-01,SSE,560020,红利添富,12156.2
2026-07-01,SSE,560030,800价值,2343.2
2026-07-01,SSE,560050,MSCIA50,229993.44
2026-07-01,SSE,560060,碳中和基,7709
2026-07-01,SSE,560070,央企分红,13086.23
2026-07-01,SSE,560080,中药ETF,262026.5
2026-07-01,SSE,560090,证券指数,215186.5
2026-07-01,SSE,560100,增强ETF,5958.03
2026-07-01,SSE,560110,ZZ1000,11590.35
2026-07-01,SSE,560120,500现金,59468.9
2026-07-01,SSE,560130,食品基金,7177.62
2026-07-01,SSE,560150,红利TK,68327.93
2026-07-01,SSE,560160,食品E,12070.6
2026-07-01,SSE,560170,央企科技,25499.55
2026-07-01,SSE,560180,ESG300,1560.3
2026-07-01,SSE,560190,公用事业,1983.4
2026-07-01,SSE,560210,景顺农牧,55252.2
2026-07-01,SSE,560220,2000基金,4871.7
2026-07-01,SSE,560230,光伏富国,8388.9
2026-07-01,SSE,560250,红利质量,28633.3
2026-07-01,SSE,560260,医疗50,187866.47
2026-07-01,SSE,560270,电力指数,17793.9
2026-07-01,SSE,560280,工程机械,188625.2
2026-07-01,SSE,560290,景顺有色,25569.4
2026-07-01,SSE,560300,电信50,2980.34
2026-07-01,SSE,560310,光伏博时,17912.2
2026-07-01,SSE,560320,食品富国,15833.2
2026-07-01,SSE,560330,300价值E,1713
2026-07-01,SSE,560350,A50指数,85953.21
2026-07-01,SSE,560360,软件指数,20034.5
2026-07-01,SSE,560370,全指红利,11858.4
2026-07-01,SSE,560380,A100,14486.1
2026-07-01,SSE,560390,电网E,123525.8
2026-07-01,SSE,560400,证券华泰,16049.3
2026-07-01,SSE,560410,电池鹏华,5678.61
2026-07-01,SSE,560420,食品Q,15278.02
2026-07-01,SSE,560450,电力TH,30756.9
2026-07-01,SSE,560460,电力平安,32403.7
2026-07-01,SSE,560470,有色E,27934
2026-07-01,SSE,560480,中证电力,14480.3
2026-07-01,SSE,560490,华泰有色,11948.2
2026-07-01,SSE,560500,500质量,27433.9
2026-07-01,SSE,560510,中证A500,242902.69
2026-07-01,SSE,560520,红利大成,2975.1
2026-07-01,SSE,560530,A500ETF,226362.37
2026-07-01,SSE,560550,碳中和,12759.74
2026-07-01,SSE,560560,碳中和TK,7419.01
2026-07-01,SSE,560570,A500低波,146554.12
2026-07-01,SSE,560580,电力指基,41800.3
2026-07-01,SSE,560590,1000鹏华,1371
2026-07-01,SSE,560610,A500指数,443898.84
2026-07-01,SSE,560620,公用WJ,2636.7
2026-07-01,SSE,560630,机器人WJ,11939.4
2026-07-01,SSE,560650,核心50,791.92
2026-07-01,SSE,560660,云50ETF,13393.8
2026-07-01,SSE,560670,中证银行,8447.4
2026-07-01,SSE,560680,龙头消费,32772.56
2026-07-01,SSE,560690,电信主题,1888.9
2026-07-01,SSE,560700,央红利50,37503.69
2026-07-01,SSE,560710,船舶ETF,195858
2026-07-01,SSE,560720,工银红利,19254.8
2026-07-01,SSE,560750,A500申万,6955.48
2026-07-01,SSE,560770,机器人ZS,141163.3
2026-07-01,SSE,560780,半导设备,856348.8
2026-07-01,SSE,560790,软件服务,23245.59
2026-07-01,SSE,560800,数字ETF,28995.11
2026-07-01,SSE,560810,央企ESG,19311.6
2026-07-01,SSE,560820,A50新华,4092.6
2026-07-01,SSE,560830,电指数,75551.9
2026-07-01,SSE,560850,信创50,7616.4
2026-07-01,SSE,560860,工业有色,560723.3
2026-07-01,SSE,560870,中银有色,10735.19
2026-07-01,SSE,560880,家电基金,20723.2
2026-07-01,SSE,560900,创新药企,21996.91
2026-07-01,SSE,560910,中证电池,19272.1
2026-07-01,SSE,560930,电力E,20752.4
2026-07-01,SSE,560950,500增,1348.3
2026-07-01,SSE,560970,有色金属,8013.8
2026-07-01,SSE,560980,光伏龙头,34202.2
2026-07-01,SSE,560990,科技先锋,1518.71
2026-07-01,SSE,561000,300指增,4742
2026-07-01,SSE,561010,软件开发,24835.6
2026-07-01,SSE,561030,机械华泰,20555
2026-07-01,SSE,561050,稀金属E,19625
2026-07-01,SSE,561060,红利国企,5756.5
2026-07-01,SSE,561080,现金自由,2725
2026-07-01,SSE,561090,A500增,21297.4
2026-07-01,SSE,561100,电子龙头,68274.69
2026-07-01,SSE,561120,家电ETF,2815.99
2026-07-01,SSE,561130,国货ETF,9793.52
2026-07-01,SSE,561160,锂电池,260333.5
2026-07-01,SSE,561170,绿电50,51353.27
2026-07-01,SSE,561180,A100ETF,4760.96
2026-07-01,SSE,561190,双碳ETF,20031.8
2026-07-01,SSE,561200,A100基金,2947.05
2026-07-01,SSE,561220,国企数字,3705.3
2026-07-01,SSE,561230,A50,43847.78
2026-07-01,SSE,561260,能源ETF,2489.52
2026-07-01,SSE,561280,增强1000,7284.77
2026-07-01,SSE,561300,300增ETF,37096.5
2026-07-01,SSE,561310,消电ETF,4791.66
2026-07-01,SSE,561320,交运ETF,5736.9
2026-07-01,SSE,561330,矿业ETF,174339.21
2026-07-01,SSE,561350,国泰500,6170
2026-07-01,SSE,561360,石油ETF,130314.8
2026-07-01,SSE,561370,2000ETF,2235.6
2026-07-01,SSE,561380,电网ETF,650103.4
2026-07-01,SSE,561430,全指质量,15722.32
2026-07-01,SSE,561500,漂亮50,5910.03
2026-07-01,SSE,561510,中医药,6520.6
2026-07-01,SSE,561550,500指增,105148.96
2026-07-01,SSE,561560,电力ETF,206612.42
2026-07-01,SSE,561570,油气基金,8214.7
2026-07-01,SSE,561580,央企红利,204187.07
2026-07-01,SSE,561590,1000增强,7399.96
2026-07-01,SSE,561600,消费电子,21827.4
2026-07-01,SSE,561660,通航基金,5971
2026-07-01,SSE,561680,A500红低,7116.9
2026-07-01,SSE,561700,电力基金,34431.36
2026-07-01,SSE,561750,A50博时,6299.6
2026-07-01,SSE,561760,油气博时,18319.5
2026-07-01,SSE,561770,指基A100,3755
2026-07-01,SSE,561780,1000指增,1135.58
2026-07-01,SSE,561790,现代能源,5513.4
2026-07-01,SSE,561800,稀金属,19707.72
2026-07-01,SSE,561870,现金流指,10876.5
2026-07-01,SSE,561880,A100指数,8038.9
2026-07-01,SSE,561900,沪深ESG,2333.44
2026-07-01,SSE,561910,电池ETF,477507.66
2026-07-01,SSE,561920,疫苗龙头,4869.2
2026-07-01,SSE,561930,招商300,11826.06
2026-07-01,SSE,561950,500增强A,7515.6
2026-07-01,SSE,561960,央企回报,5398.52
2026-07-01,SSE,561980,芯片设备,852055
2026-07-01,SSE,561990,300增强,32264.92
2026-07-01,SSE,562000,中证A100,60073.79
2026-07-01,SSE,562010,绿色能源,2029.87
2026-07-01,SSE,562030,信创基金,13697.39
2026-07-01,SSE,562050,药ETF,11446.8
2026-07-01,SSE,562060,标普红利,550779.26
2026-07-01,SSE,562070,300ETF增,41154.2
2026-07-01,SSE,562080,自由现金,63675.72
2026-07-01,SSE,562300,低碳ETF,5949.5
2026-07-01,SSE,562310,300成长,53657.23
2026-07-01,SSE,562320,300价值A,5829.55
2026-07-01,SSE,562330,500价值,1001.89
2026-07-01,SSE,562340,500成长,714.43
2026-07-01,SSE,562350,电力,12841.09
2026-07-01,SSE,562360,机器人YH,24747.4
2026-07-01,SSE,562380,科技引领,7262.89
2026-07-01,SSE,562390,中药,8442.9
2026-07-01,SSE,562500,机器人,1545868.73
2026-07-01,SSE,562510,旅游ETF,106009.5
2026-07-01,SSE,562520,1000成长,2056.8
2026-07-01,SSE,562530,1000价值,4014.4
2026-07-01,SSE,562550,绿电ETF,162041.93
2026-07-01,SSE,562560,信息技术,2726.55
2026-07-01,SSE,562570,信创ETF,29428.1
2026-07-01,SSE,562580,可选消费,3772.33
2026-07-01,SSE,562590,半导材料,212266.3
2026-07-01,SSE,562600,医疗器械,45793.74
2026-07-01,SSE,562660,ZZ2000,20887.4
2026-07-01,SSE,562700,汽车零件,9775
2026-07-01,SSE,562800,稀有金属,586079.5
2026-07-01,SSE,562810,上证增强,4545.1
2026-07-01,SSE,562820,集成电路,11813.6
2026-07-01,SSE,562850,央企能源,22098.15
2026-07-01,SSE,562860,疫苗ETF,34289.5
2026-07-01,SSE,562870,证券全指,53400.52
2026-07-01,SSE,562880,电池基金,101089.96
2026-07-01,SSE,562890,A50中证,19405.1
2026-07-01,SSE,562900,现代农业,21870.63
2026-07-01,SSE,562910,高端制造,22422.73
2026-07-01,SSE,562920,信息安全,8706.9
2026-07-01,SSE,562930,软件30,123843.7
2026-07-01,SSE,562950,消电50,122625.83
2026-07-01,SSE,562960,绿色电力,118989.1
2026-07-01,SSE,562970,光伏E,37144.8
2026-07-01,SSE,562990,碳中和E,38175.6
2026-07-01,SSE,563000,中国A50,160595.11
2026-07-01,SSE,563010,电信ETF,9818.93
2026-07-01,SSE,563020,低波红利,1087991
2026-07-01,SSE,563030,增强500,9716.9
2026-07-01,SSE,563050,科技央企,9820.84
2026-07-01,SSE,563060,央企50,19652.7
2026-07-01,SSE,563080,中证A50E,105458.84
2026-07-01,SSE,563090,上50增强,5284.8
2026-07-01,SSE,563150,油气资源,5739.9
2026-07-01,SSE,563180,高股息,11542
2026-07-01,SSE,563200,2000指数,3345.88
2026-07-01,SSE,563210,专精特新,11006.7
2026-07-01,SSE,563220,A500富国,576801.37
2026-07-01,SSE,563230,卫星ETF,306123.7
2026-07-01,SSE,563280,A50增强,670.66
2026-07-01,SSE,563300,中证2000,220617.4
2026-07-01,SSE,563320,通用航空,20389.2
2026-07-01,SSE,563330,A股ETF,2816.06
2026-07-01,SSE,563350,中证A50,17999.76
2026-07-01,SSE,563360,A500基金,2224698.74
2026-07-01,SSE,563380,航空航天,87795
2026-07-01,SSE,563390,现金基金,198284.4
2026-07-01,SSE,563500,A500华宝,65795.87
2026-07-01,SSE,563510,A500红利,31453.7
2026-07-01,SSE,563520,300永赢,37306.5
2026-07-01,SSE,563530,卫星E,143274.8
2026-07-01,SSE,563550,增强A500,7355.9
2026-07-01,SSE,563560,科技成长,5476.9
2026-07-01,SSE,563570,金融科,10537.4
2026-07-01,SSE,563580,现金800,28664.8
2026-07-01,SSE,563590,红利A500,6994.44
2026-07-01,SSE,563600,A500增强,4848.3
2026-07-01,SSE,563620,现金流全,5804.9
2026-07-01,SSE,563630,A500指增,3994.71
2026-07-01,SSE,563650,A500中证,11990.9
2026-07-01,SSE,563660,A500银河,6008.52
2026-07-01,SSE,563670,金科基金,18698.7
2026-07-01,SSE,563680,现金流TF,11695.9
2026-07-01,SSE,563690,红利永赢,3888.2
2026-07-01,SSE,563700,红利价值,40915
2026-07-01,SSE,563750,500添富,32473.7
2026-07-01,SSE,563760,中银现金,83591.32
2026-07-01,SSE,563770,全指现金,2880.7
2026-07-01,SSE,563780,现金指数,29702.71
2026-07-01,SSE,563790,卫星产业,107644.7
2026-07-01,SSE,563800,A500龙头,700997.81
2026-07-01,SSE,563830,现金流基,13389.6
2026-07-01,SSE,563850,食品广发,8608.17
2026-07-01,SSE,563860,A500海富,16184.43
2026-07-01,SSE,563870,航空通用,10530.39
2026-07-01,SSE,563880,A500添富,100099.64
2026-07-01,SSE,563890,红利国有,2533.6
2026-07-01,SSE,563900,现金流,51496.57
2026-07-01,SSE,563930,上指增强,3159.2
2026-07-01,SSE,563960,300质量,24451.2
2026-07-01,SSE,563980,800红利,20796.7
2026-07-01,SSE,563990,800现金,41157.3
2026-07-01,SSE,588000,科创50,2996366.82
2026-07-01,SSE,588010,科创材料,92042.58
2026-07-01,SSE,588020,科创50E,51979.1
2026-07-01,SSE,588030,科创指基,243283.81
2026-07-01,SSE,588040,科创板指,6988.9
2026-07-01,SSE,588050,科创ETF,449324.13
2026-07-01,SSE,588060,上证科创,512514
2026-07-01,SSE,588070,科创万家,2443.7
2026-07-01,SSE,588080,科创板50,1887462.81
2026-07-01,SSE,588090,科创板,185707.28
2026-07-01,SSE,588100,科创信息,6024.87
2026-07-01,SSE,588110,科创成长,16375.8
2026-07-01,SSE,588120,科100ETF,100362.2
2026-07-01,SSE,588130,科创药,14058.26
2026-07-01,SSE,588140,科200GF,20875.1
2026-07-01,SSE,588150,科创龙头,27193.26
2026-07-01,SSE,588160,科创新材,54999.6
2026-07-01,SSE,588170,科创半导,642914.9
2026-07-01,SSE,588180,科创50基,74185.37
2026-07-01,SSE,588190,科创100,143561.83
2026-07-01,SSE,588200,科创芯片,1318289.48
2026-07-01,SSE,588210,科创100E,16825.4
2026-07-01,SSE,588220,科创100F,313419.79
2026-07-01,SSE,588230,科创200,43493.9
2026-07-01,SSE,588240,科200,9863.3
2026-07-01,SSE,588250,KC医药,26967.5
2026-07-01,SSE,588260,科创技术,4674.6
2026-07-01,SSE,588270,科创200F,25041
2026-07-01,SSE,588280,科创五零,24812.1
2026-07-01,SSE,588290,芯片科创,129639.7
2026-07-01,SSE,588300,双创ETF,132721.05
2026-07-01,SSE,588310,双创基金,2823.75
2026-07-01,SSE,588320,双创增强,5082.46
2026-07-01,SSE,588330,双创龙头,89173.78
2026-07-01,SSE,588350,双创,61454.6
2026-07-01,SSE,588360,创创ETF,19948.18
2026-07-01,SSE,588370,科创策略,6077.2
2026-07-01,SSE,588380,创50ETF,243277
2026-07-01,SSE,588390,科创创业,14093.59
2026-07-01,SSE,588400,双创50,118260.06
2026-07-01,SSE,588410,双创AI,10125
2026-07-01,SSE,588420,AI双创,12964.8
2026-07-01,SSE,588430,科创创AI,9245.8
2026-07-01,SSE,588450,科创50增,4856.87
2026-07-01,SSE,588460,科创增强,59551.4
2026-07-01,SSE,588470,双创智能,23290.7
2026-07-01,SSE,588480,AI50双创,16571.7
2026-07-01,SSE,588500,科创100Z,3864.7
2026-07-01,SSE,588510,智能双创,24517.5
2026-07-01,SSE,588520,科创增,1295.7
2026-07-01,SSE,588550,科创增指,5129
2026-07-01,SSE,588660,双创五零,3034.4
2026-07-01,SSE,588670,科综增强,4179.2
2026-07-01,SSE,588680,科100增,3236.1
2026-07-01,SSE,588690,科综指增,5563.6
2026-07-01,SSE,588700,科创生物,44033.62
2026-07-01,SSE,588710,科半导体,148229.5
2026-07-01,SSE,588720,中银科创,8974.18
2026-07-01,SSE,588730,科创AI,66339.63
2026-07-01,SSE,588750,科创芯50,252722.8
2026-07-01,SSE,588760,AI科创,205653.2
2026-07-01,SSE,588770,信息科创,33259.71
2026-07-01,SSE,588780,芯片设计,90790.2
2026-07-01,SSE,588790,科创智能,280938.4
2026-07-01,SSE,588800,科创100C,160987.7
2026-07-01,SSE,588810,科创板芯,50132.4
2026-07-01,SSE,588820,科创200E,14540
2026-07-01,SSE,588830,科创新能,61784.79
2026-07-01,SSE,588840,50科创,4023.6
2026-07-01,SSE,588850,科创机械,10677.9
2026-07-01,SSE,588860,科创医药,38888.94
2026-07-01,SSE,588870,科创50指,29355.2
2026-07-01,SSE,588880,科创指数,9636.8
2026-07-01,SSE,588890,科创芯,87881
2026-07-01,SSE,588900,科创100S,30178.3
2026-07-01,SSE,588910,科创价值,10304.91
2026-07-01,SSE,588920,KC芯片,14093.8
2026-07-01,SSE,588930,科创板AI,46732.9
2026-07-01,SSE,588940,科创富国,45742
2026-07-01,SSE,588950,景顺科创,22772.97
2026-07-01,SSE,588960,新能科创,13957.98
2026-07-01,SSE,588980,科创广发,1192
2026-07-01,SSE,588990,科芯片,19374.54
2026-07-01,SSE,589000,科创综指,76750.78
2026-07-01,SSE,589010,科创AI指,90879.3
2026-07-01,SSE,589020,KC半导体,97221.9
2026-07-01,SSE,589030,科芯设计,31307.7
2026-07-01,SSE,589050,科创E,5096.8
2026-07-01,SSE,589060,科综东财,6213.79
2026-07-01,SSE,589070,科芯TH,132529.3
2026-07-01,SSE,589080,科创综E,13306.1
2026-07-01,SSE,589090,KCAI,15693.1
2026-07-01,SSE,589100,国泰芯片,86944.25
2026-07-01,SSE,589110,科AI国泰,50441.3
2026-07-01,SSE,589120,创新药基,104262
2026-07-01,SSE,589130,科创芯易,285878
2026-07-01,SSE,589150,科创平安,8143.72
2026-07-01,SSE,589160,科芯片GF,19429.6
2026-07-01,SSE,589170,芯设计KC,12690.9
2026-07-01,SSE,589180,科创材基,11781.8
2026-07-01,SSE,589190,科创芯基,128178.1
2026-07-01,SSE,589200,科200E,1950.7
2026-07-01,SSE,589210,芯设计GF,51246.9
2026-07-01,SSE,589220,科200GT,30449.58
2026-07-01,SSE,589230,AI科创CS,21605.3
2026-07-01,SSE,589250,芯设计PY,7110.13
2026-07-01,SSE,589260,科创芯设,5815.6
2026-07-01,SSE,589270,科创100Q,2751.66
2026-07-01,SSE,589280,科综增指,8906.9
2026-07-01,SSE,589290,芯片主题,15984.89
2026-07-01,SSE,589300,科综嘉实,3758.25
2026-07-01,SSE,589320,科200JS,11705.3
2026-07-01,SSE,589330,科200DC,8590.2
2026-07-01,SSE,589350,科芯片指,16228.15
2026-07-01,SSE,589360,科创50GT,19117.4
2026-07-01,SSE,589380,AI科创指,8969.43
2026-07-01,SSE,589500,科综工银,9006.4
2026-07-01,SSE,589520,AI科创板,65710.46
2026-07-01,SSE,589550,KC价值,2529.55
2026-07-01,SSE,589560,科创AITF,22335.5
2026-07-01,SSE,589580,科综价格,1035.48
2026-07-01,SSE,589600,富国科综,22153.5
2026-07-01,SSE,589630,科综国泰,15662.9
2026-07-01,SSE,589660,综指科创,23353
2026-07-01,SSE,589680,科创综Z,100494.37
2026-07-01,SSE,589700,成长科创,1629.1
2026-07-01,SSE,589720,科创新药,305282.3
2026-07-01,SSE,589770,科创全指,16356.92
2026-07-01,SSE,589780,科200FG,5421.5
2026-07-01,SSE,589800,科创综合,89598.82
2026-07-01,SSE,589820,科200F,12672.02
2026-07-01,SSE,589850,科创东财,37005.7
2026-07-01,SSE,589860,天弘科综,15822.4
2026-07-01,SSE,589880,科创综,57499.6
2026-07-01,SSE,589890,景顺科综,8498.7
2026-07-01,SSE,589900,博时科综,16390.82
2026-07-01,SSE,589950,科100FG,29487.3
2026-07-01,SSE,589960,科创新源,13131.6
2026-07-01,SSE,589980,科基100,12012.2
2026-07-01,SSE,589990,科创板综,10609
2026-07-01,SZSE,159001,货币ETF易方达,1542.93
2026-07-01,SZSE,159003,招商快线ETF,170.00
2026-07-01,SZSE,159005,快钱ETF汇添富,104.88
2026-07-01,SZSE,159007,养殖ETF华泰柏瑞,19760.32
2026-07-01,SZSE,159008,证券ETF景顺,11378.45
2026-07-01,SZSE,159009,创业板新能源ETF易方达,5139.27
2026-07-01,SZSE,159010,港股通科技ETF博时,25209.76
2026-07-01,SZSE,159011,养殖ETF华安,7450.51
2026-07-01,SZSE,159012,科创创业50ETF鹏华,7188.11
2026-07-01,SZSE,159013,工业互联网ETF大成,5157.88
2026-07-01,SZSE,159015,恒生港股通科技ETF国联,11635.29
2026-07-01,SZSE,159016,证券ETF广发,25354.01
2026-07-01,SZSE,159017,石油ETF工银,16125.68
2026-07-01,SZSE,159018,石油ETF广发,2990.42
2026-07-01,SZSE,159019,石油ETF华宝,4932.77
2026-07-01,SZSE,159020,养殖ETF易方达,11956.70
2026-07-01,SZSE,159021,大盘价值ETF华夏,18290.77
2026-07-01,SZSE,159022,科创创业人工智能ETF富国,15663.09
2026-07-01,SZSE,159023,养殖ETF万家,8877.79
2026-07-01,SZSE,159026,石油ETF南方,5651.34
2026-07-01,SZSE,159027,畜牧养殖ETF大成,12847.22
2026-07-01,SZSE,159028,港股汽车ETF天弘,12944.90
2026-07-01,SZSE,159029,有色ETF广发,34512.77
2026-07-01,SZSE,159030,粮食ETF华夏,29896.81
2026-07-01,SZSE,159031,粮食ETF博时,50702.86
2026-07-01,SZSE,159032,工业有色ETF易方达,24584.50
2026-07-01,SZSE,159033,粮食ETF国泰,19332.34
2026-07-01,SZSE,159035,软件ETF天弘,34385.97
2026-07-01,SZSE,159036,软件开发ETF华宝,33274.01
2026-07-01,SZSE,159037,价值ETF鹏华,16424.98
2026-07-01,SZSE,159038,粮食ETF易方达,17902.69
2026-07-01,SZSE,159039,机器人ETF华安,26346.14
2026-07-01,SZSE,159040,港股通互联网ETF鹏华,11848.10
2026-07-01,SZSE,159041,农业ETF鹏华,15547.18
2026-07-01,SZSE,159042,价值ETF汇添富,18280.11
2026-07-01,SZSE,159045,稀有金属ETF大成,17133.02
2026-07-01,SZSE,159046,绿电ETF天弘,44747.68
2026-07-01,SZSE,159048,机器人ETF大成,14880.38
2026-07-01,SZSE,159050,机器人ETF广发,27670.36
2026-07-01,SZSE,159051,医疗器械ETF易方达,20511.78
2026-07-01,SZSE,159052,新能源电池ETF嘉实,19092.60
2026-07-01,SZSE,159053,稀有金属ETF华夏,16219.81
2026-07-01,SZSE,159055,稀有金属ETF富国,12329.39
2026-07-01,SZSE,159056,医疗器械ETF富国,22093.43
2026-07-01,SZSE,159057,医疗器械ETF鹏华,11771.53
2026-07-01,SZSE,159060,粮食ETF浦银,10048.34
2026-07-01,SZSE,159061,绿色电力ETF南方,24044.02
2026-07-01,SZSE,159062,稀有金属ETF南方,11320.12
2026-07-01,SZSE,159063,粮食ETF南方,7748.66
2026-07-01,SZSE,159065,工程机械ETF景顺,15435.08
2026-07-01,SZSE,159070,工程机械ETF嘉实,16136.68
2026-07-01,SZSE,159071,新能源电池ETF华宝,12191.17
2026-07-01,SZSE,159100,巴西ETF华夏,46854.69
2026-07-01,SZSE,159101,港股通科技ETF华夏,322031.14
2026-07-01,SZSE,159102,港股通生物科技ETF华安,79962.20
2026-07-01,SZSE,159103,金融科技ETF汇添富,30840.67
2026-07-01,SZSE,159105,恒生生物科技ETF易方达,23927.29
2026-07-01,SZSE,159106,民企300ETF前海开源,3757.94
2026-07-01,SZSE,159107,创业板软件ETF富国,61682.30
2026-07-01,SZSE,159108,工业软件ETF博时,11073.85
2026-07-01,SZSE,159109,恒生50ETF景顺,75616.38
2026-07-01,SZSE,159110,科创债ETF万家,2251.70
2026-07-01,SZSE,159111,科创债ETF天弘,14922.66
2026-07-01,SZSE,159112,科创债ETF银华,24348.78
2026-07-01,SZSE,159113,科创债ETF大成,9237.62
2026-07-01,SZSE,159115,科创债ETF华安,5033.34
2026-07-01,SZSE,159116,科创债ETF工银,11126.27
2026-07-01,SZSE,159117,港股通红利低波ETF鹏华,6240.11
2026-07-01,SZSE,159118,港股通红利低波ETF华夏,7767.70
2026-07-01,SZSE,159119,800现金流ETF招商,16205.42
2026-07-01,SZSE,159120,港股通科技ETF国联安,17002.44
2026-07-01,SZSE,159121,港股通汽车ETF易方达,10948.11
2026-07-01,SZSE,159122,创业板新能源ETF富国,6716.09
2026-07-01,SZSE,159123,光伏ETF嘉实,37404.70
2026-07-01,SZSE,159125,港股通科技ETF招商,96824.58
2026-07-01,SZSE,159126,港股通50ETF南方,27761.65
2026-07-01,SZSE,159127,港股通红利ETF南方,19534.42
2026-07-01,SZSE,159128,港股科技ETF天弘,208376.08
2026-07-01,SZSE,159129,化工ETF嘉实,119240.65
2026-07-01,SZSE,159130,恒生生物科技ETF鹏华,25538.94
2026-07-01,SZSE,159131,港股通信息技术ETF华宝,174991.99
2026-07-01,SZSE,159132,恒生生物科技ETF富国,11396.35
2026-07-01,SZSE,159133,化工ETF天弘,171941.33
2026-07-01,SZSE,159135,港股通科技ETF前海开源,68746.63
2026-07-01,SZSE,159136,A50ETF广发,11091.40
2026-07-01,SZSE,159137,港股通医疗ETF华宝,18663.26
2026-07-01,SZSE,159138,工程机械ETF易方达,13876.79
2026-07-01,SZSE,159139,科创创业人工智能ETF华泰柏瑞,13410.92
2026-07-01,SZSE,159140,科创创业人工智能ETF易方达,42193.68
2026-07-01,SZSE,159141,科创创业人工智能ETF永赢,119106.07
2026-07-01,SZSE,159142,科创创业人工智能ETF景顺,93926.01
2026-07-01,SZSE,159143,港股通央企红利ETF平安,5455.44
2026-07-01,SZSE,159145,工业软件ETF广发,6258.18
2026-07-01,SZSE,159146,电力ETF华宝,85744.08
2026-07-01,SZSE,159147,电池ETF南方,208890.95
2026-07-01,SZSE,159148,石油ETF富国,22446.66
2026-07-01,SZSE,159149,创业板新能源ETF工银,5151.52
2026-07-01,SZSE,159150,深证50ETF易方达,8599.76
2026-07-01,SZSE,159151,食品ETF华夏,13425.10
2026-07-01,SZSE,159152,港股通科技ETF平安,91555.60
2026-07-01,SZSE,159153,消费电子ETF鹏华,10022.59
2026-07-01,SZSE,159155,电池ETF大成,54351.32
2026-07-01,SZSE,159156,电池ETF万家,21046.12
2026-07-01,SZSE,159157,有色金属ETF天弘,851775.87
2026-07-01,SZSE,159158,电力ETF景顺,101953.53
2026-07-01,SZSE,159159,公用事业ETF国投瑞银,12381.85
2026-07-01,SZSE,159160,电池ETF东财,16981.92
2026-07-01,SZSE,159162,工业有色ETF鹏华,46493.98
2026-07-01,SZSE,159163,有色ETF泰康,25580.70
2026-07-01,SZSE,159165,养殖ETF永赢,10757.12
2026-07-01,SZSE,159166,现金流ETF长城,59881.60
2026-07-01,SZSE,159167,港股通医疗ETF工银,23554.91
2026-07-01,SZSE,159168,有色ETF富国,37345.50
2026-07-01,SZSE,159169,恒生生物科技ETF广发,19387.44
2026-07-01,SZSE,159170,港股通互联网ETF永赢,40263.83
2026-07-01,SZSE,159171,工业有色ETF博时,22953.29
2026-07-01,SZSE,159172,养殖ETF汇添富,38082.92
2026-07-01,SZSE,159173,农牧ETF南方,5545.53
2026-07-01,SZSE,159175,电池ETF易方达,46727.03
2026-07-01,SZSE,159176,家电ETF华宝,2330.33
2026-07-01,SZSE,159177,工程机械ETF鹏华,5361.92
2026-07-01,SZSE,159178,消费电子ETF汇添富,7443.29
2026-07-01,SZSE,159179,港股通互联网ETF工银,9690.35
2026-07-01,SZSE,159180,软件ETF银华,3015.59
2026-07-01,SZSE,159181,石油ETF易方达,14640.53
2026-07-01,SZSE,159182,家电ETF南方,3848.56
2026-07-01,SZSE,159183,新能源车ETF招商,5038.77
2026-07-01,SZSE,159185,港股通信息技术ETF鹏华,18709.90
2026-07-01,SZSE,159186,港股通汽车ETF鹏华,9386.92
2026-07-01,SZSE,159187,创业板新能源ETF景顺,5017.62
2026-07-01,SZSE,159188,红利100ETF景顺,7060.18
2026-07-01,SZSE,159189,石油ETF华夏,12508.31
2026-07-01,SZSE,159190,创业板新能源ETF天弘,6606.92
2026-07-01,SZSE,159191,港股通科技ETF易方达,7510.48
2026-07-01,SZSE,159192,家电ETF汇添富,1898.70
2026-07-01,SZSE,159193,新能源电池ETF银华,21708.03
2026-07-01,SZSE,159195,石油ETF华安,9449.01
2026-07-01,SZSE,159196,港股通信息技术ETF易方达,19753.03
2026-07-01,SZSE,159197,石油ETF招商,4838.82
2026-07-01,SZSE,159198,港股通信息技术ETF富国,9234.43
2026-07-01,SZSE,159199,石油ETF平安,7615.49
2026-07-01,SZSE,159200,科创债ETF富国,15139.26
2026-07-01,SZSE,159201,自由现金流ETF华夏,1222827.59
2026-07-01,SZSE,159202,恒生互联网ETF万家,112240.19
2026-07-01,SZSE,159203,大盘成长ETF博时,879.19
2026-07-01,SZSE,159205,创业板ETF东财,29305.60
2026-07-01,SZSE,159206,卫星ETF永赢,1072595.33
2026-07-01,SZSE,159207,高股息ETF广发,159248.33
2026-07-01,SZSE,159208,航空航天ETF万家,31046.27
2026-07-01,SZSE,159209,红利质量ETF招商,189363.50
2026-07-01,SZSE,159210,港股通汽车ETF汇添富,3054.98
2026-07-01,SZSE,159211,深证100ETF富国,1768.32
2026-07-01,SZSE,159212,深100ETF南方,7320.43
2026-07-01,SZSE,159213,机器人ETF汇添富,40773.75
2026-07-01,SZSE,159215,A500ETF平安,92858.28
2026-07-01,SZSE,159216,深证100ETF大成,954.82
2026-07-01,SZSE,159217,港股通创新药ETF工银,501715.75
2026-07-01,SZSE,159218,卫星ETF招商,227761.63
2026-07-01,SZSE,159219,深证100ETF融通,838.80
2026-07-01,SZSE,159220,港股通红利低波ETF华宝,47156.95
2026-07-01,SZSE,159221,现金流ETF嘉实,113701.32
2026-07-01,SZSE,159222,自由现金流ETF易方达,138637.04
2026-07-01,SZSE,159223,现金流ETF永赢,19284.47
2026-07-01,SZSE,159225,现金流ETF银华,26874.48
2026-07-01,SZSE,159226,中证A500增强ETF国泰,7809.48
2026-07-01,SZSE,159227,航空航天ETF华夏,432391.11
2026-07-01,SZSE,159228,红利低波ETF长城,11421.26
2026-07-01,SZSE,159229,自由现金流ETF广发,18605.60
2026-07-01,SZSE,159230,通用航空ETF华夏,30330.42
2026-07-01,SZSE,159231,通用航空ETF华宝,31109.18
2026-07-01,SZSE,159232,自由现金流ETF南方,218494.85
2026-07-01,SZSE,159233,自由现金流ETF平安,48462.34
2026-07-01,SZSE,159235,中证现金流ETF大成,207372.95
2026-07-01,SZSE,159236,自由现金流ETF工银,4672.21
2026-07-01,SZSE,159237,港股汽车ETF工银,2833.42
2026-07-01,SZSE,159238,沪深300增强ETF景顺,3801.61
2026-07-01,SZSE,159239,港股通汽车ETF富国,7828.07
2026-07-01,SZSE,159240,A500增强ETF天弘,2061.97
2026-07-01,SZSE,159241,航空航天ETF天弘,104007.42
2026-07-01,SZSE,159242,创业板人工智能ETF大成,57327.85
2026-07-01,SZSE,159243,创业板人工智能ETF招商,12803.02
2026-07-01,SZSE,159245,港股通消费ETF富国,7811.32
2026-07-01,SZSE,159246,创业板人工智能ETF富国,342965.56
2026-07-01,SZSE,159247,创业板ETF汇添富,18598.49
2026-07-01,SZSE,159248,人工智能ETF万家,11209.56
2026-07-01,SZSE,159249,A500增强ETF工银,9319.19
2026-07-01,SZSE,159251,港股通科技ETF万家,24878.77
2026-07-01,SZSE,159253,银行ETF博时,62240.49
2026-07-01,SZSE,159255,通用航空ETF易方达,6633.88
2026-07-01,SZSE,159256,创业板软件ETF华夏,42518.37
2026-07-01,SZSE,159257,航空ETF汇添富,14041.69
2026-07-01,SZSE,159258,机器人ETF南方,115926.56
2026-07-01,SZSE,159259,成长ETF易方达,378769.64
2026-07-01,SZSE,159260,证券ETF博时,105721.35
2026-07-01,SZSE,159261,创业板新能源ETF鹏华,4781.49
2026-07-01,SZSE,159262,港股通科技ETF广发,807272.04
2026-07-01,SZSE,159263,价值ETF易方达,479010.51
2026-07-01,SZSE,159265,港股消费ETF鹏华,20895.08
2026-07-01,SZSE,159266,港股央企红利ETF永赢,39571.00
2026-07-01,SZSE,159267,航天ETF华安,236150.61
2026-07-01,SZSE,159268,港股通消费ETF汇添富,44105.50
2026-07-01,SZSE,159269,港股通科技ETF南方,178031.17
2026-07-01,SZSE,159270,创业板200ETF南方,8876.36
2026-07-01,SZSE,159271,恒生ETF鹏华,30638.67
2026-07-01,SZSE,159272,机器人ETF富国,205316.46
2026-07-01,SZSE,159273,云计算ETF汇添富,69777.75
2026-07-01,SZSE,159275,农牧渔ETF华宝,24430.29
2026-07-01,SZSE,159276,现金流ETF汇添富,36269.66
2026-07-01,SZSE,159277,港股通红利ETF富国,5255.70
2026-07-01,SZSE,159278,机器人ETF鹏华,132254.58
2026-07-01,SZSE,159279,创业板人工智能ETF华安,13138.75
2026-07-01,SZSE,159280,港股通互联网ETF汇添富,10171.71
2026-07-01,SZSE,159281,港股央企红利ETF天弘,32223.30
2026-07-01,SZSE,159283,通用航空ETF南方,27643.79
2026-07-01,SZSE,159285,港股通消费ETF华安,26048.66
2026-07-01,SZSE,159286,港股通创新药ETF鹏华,79178.54
2026-07-01,SZSE,159287,创业板综ETF博时,9356.87
2026-07-01,SZSE,159288,创业板综ETF银华,8417.49
2026-07-01,SZSE,159289,创业板综指ETF鹏华,2890.26
2026-07-01,SZSE,159290,创业板综指增强ETF东财,3910.03
2026-07-01,SZSE,159291,创业板综增强ETF招商,1745.73
2026-07-01,SZSE,159292,创业板综增强ETF华宝,18718.95
2026-07-01,SZSE,159293,创业板综增强ETF建信,2115.93
2026-07-01,SZSE,159295,创业综指ETF西部利得,6295.82
2026-07-01,SZSE,159296,A500红利低波ETF华宝,4504.29
2026-07-01,SZSE,159297,港股通创新药ETF南方,289041.86
2026-07-01,SZSE,159298,创业板50ETF大成,12428.10
2026-07-01,SZSE,159299,金融科技ETF易方达,68747.29
2026-07-01,SZSE,159300,沪深300ETF富国,16655.80
2026-07-01,SZSE,159301,公用事业ETF华夏,11395.83
2026-07-01,SZSE,159302,港股高股息ETF银华,5779.76
2026-07-01,SZSE,159303,恒生医疗ETF大成,6299.16
2026-07-01,SZSE,159305,储能电池ETF广发,110764.03
2026-07-01,SZSE,159306,汽车零部件ETF平安,2024.46
2026-07-01,SZSE,159307,红利低波100ETF博时,734190.35
2026-07-01,SZSE,159309,油气ETF汇添富,65337.17
2026-07-01,SZSE,159310,芯片ETF天弘,45998.10
2026-07-01,SZSE,159311,数字经济ETF易方达,3538.39
2026-07-01,SZSE,159312,恒指港股通ETF广发,4122.43
2026-07-01,SZSE,159315,黄金股ETF工银,19758.96
2026-07-01,SZSE,159316,港股通创新药ETF易方达,411333.61
2026-07-01,SZSE,159318,恒指港股通ETF银华,1860.16
2026-07-01,SZSE,159320,电网设备ETF广发,40774.51
2026-07-01,SZSE,159321,黄金股ETF华安,38540.03
2026-07-01,SZSE,159322,黄金股ETF平安,12241.16
2026-07-01,SZSE,159323,港股通汽车ETF华夏,9909.73
2026-07-01,SZSE,159325,半导体ETF南方,57046.05
2026-07-01,SZSE,159326,电网设备ETF华夏,1147526.55
2026-07-01,SZSE,159327,半导体设备ETF万家,55152.46
2026-07-01,SZSE,159328,家电ETF易方达,11255.67
2026-07-01,SZSE,159329,沙特ETF南方,124318.91
2026-07-01,SZSE,159330,沪深300ETF东财,31480.10
2026-07-01,SZSE,159331,红利港股ETF国泰,15769.41
2026-07-01,SZSE,159332,央企红利ETF富国,7902.14
2026-07-01,SZSE,159333,港股央企红利ETF万家,22095.28
2026-07-01,SZSE,159335,央企科创ETF融通,5828.36
2026-07-01,SZSE,159336,央企红利ETF融通,38490.50
2026-07-01,SZSE,159337,中证500ETF东财,23371.06
2026-07-01,SZSE,159338,中证A500ETF国泰,1769308.66
2026-07-01,SZSE,159339,A500ETF银华,174508.68
2026-07-01,SZSE,159350,深证50ETF富国,10100.96
2026-07-01,SZSE,159351,A500ETF嘉实,593312.33
2026-07-01,SZSE,159352,A500ETF南方,2134210.17
2026-07-01,SZSE,159353,中证A500ETF景顺,284616.18
2026-07-01,SZSE,159355,800红利低波ETF华宝,9723.42
2026-07-01,SZSE,159356,A500ETF万家,68012.06
2026-07-01,SZSE,159357,A500ETF博时,115983.38
2026-07-01,SZSE,159358,中证A500ETF大成,58410.64
2026-07-01,SZSE,159359,A500ETF华安,66814.04
2026-07-01,SZSE,159360,A500ETF天弘,113018.45
2026-07-01,SZSE,159361,A500ETF易方达,1895909.02
2026-07-01,SZSE,159362,A500ETF工银,132818.01
2026-07-01,SZSE,159363,创业板人工智能ETF华宝,505016.99
2026-07-01,SZSE,159365,恒指港股通ETF富国,5916.23
2026-07-01,SZSE,159366,港股医疗ETF永赢,21033.30
2026-07-01,SZSE,159367,创业板50ETF华夏,10207.90
2026-07-01,SZSE,159368,创业板新能源ETF华夏,57628.98
2026-07-01,SZSE,159369,创业板50ETF易方达,29175.34
2026-07-01,SZSE,159370,创50ETF工银,14731.60
2026-07-01,SZSE,159371,创业板50ETF富国,14422.11
2026-07-02,SSE,510010,治理ETF,13152.44
2026-07-02,SSE,510020,超大ETF,3584.8
2026-07-02,SSE,510030,价值ETF,16372.98
2026-07-02,SSE,510040,上证180E,3448
2026-07-02,SSE,510050,50ETF,667596.68
2026-07-02,SSE,510060,央企ETF,3695.92
2026-07-02,SSE,510090,ESG建信,2508.11
2026-07-02,SSE,510100,SZ50ETF,113180.68
2026-07-02,SSE,510130,中盘ETF,3108.51
2026-07-02,SSE,510150,消费ETF,299317.86
2026-07-02,SSE,510160,产业升级,19405.74
2026-07-02,SSE,510170,商品ETF,37091.48
2026-07-02,SSE,510180,180ETF,444755.77
2026-07-02,SSE,510190,上证50基,2365.08
2026-07-02,SSE,510200,上证券商,15538.55
2026-07-02,SSE,510210,综指ETF,903519.26
2026-07-02,SSE,510230,金融ETF,83180.8
2026-07-02,SSE,510270,国企ETF,1783.21
2026-07-02,SSE,510290,380ETF,5444.89
2026-07-02,SSE,510300,300ETF,1853238.77
2026-07-02,SSE,510310,HS300ETF,1082224.4
2026-07-02,SSE,510320,300中金,63706.85
2026-07-02,SSE,510330,华夏300,755484.98
2026-07-02,SSE,510350,工银300,67781.47
2026-07-02,SSE,510360,广发300,153238.12
2026-07-02,SSE,510370,兴业300,8125.81
2026-07-02,SSE,510380,国寿300,124280.24
2026-07-02,SSE,510390,平安300,11945
2026-07-02,SSE,510410,资源ETF,41725.84
2026-07-02,SSE,510500,500ETF,434856.86
2026-07-02,SSE,510510,广发500,77103.83
2026-07-02,SSE,510530,工银500,4497.94
2026-07-02,SSE,510550,方正500,2174.33
2026-07-02,SSE,510560,国寿500,6231.87
2026-07-02,SSE,510570,兴业500,3056.06
2026-07-02,SSE,510580,ZZ500ETF,94136.83
2026-07-02,SSE,510590,平安500,13838.61
2026-07-02,SSE,510600,沪50ETF,1241.51
2026-07-02,SSE,510630,消费30,54836.15
2026-07-02,SSE,510650,金融行业,1195.25
2026-07-02,SSE,510660,医药行业,5837.97
2026-07-02,SSE,510670,180指,20049.3
2026-07-02,SSE,510680,万家50,1842.47
2026-07-02,SSE,510710,上50ETF,10431.89
2026-07-02,SSE,510720,红利国泰,368876.6
2026-07-02,SSE,510760,上证ETF,205750.37
2026-07-02,SSE,510770,G60创新,2311.07
2026-07-02,SSE,510800,上证50,18357.6
2026-07-02,SSE,510810,上海国企,606159.37
2026-07-02,SSE,510850,工银上50,5029.89
2026-07-02,SSE,510880,红利ETF,797767.57
2026-07-02,SSE,510900,恒生中国,345002.19
2026-07-02,SSE,510910,上证指CS,10879.6
2026-07-02,SSE,510950,上证广发,10552.08
2026-07-02,SSE,510980,上证综合,47679.8
2026-07-02,SSE,510990,ESG180,3894.86
2026-07-02,SSE,511010,国债ETF,3815.63
2026-07-02,SSE,511020,活跃国债,2942.75
2026-07-02,SSE,511030,公司债,38155.07
2026-07-02,SSE,511060,5年地债,1736.63
2026-07-02,SSE,511070,沪公司债,26111.1
2026-07-02,SSE,511090,30年国债,25617.81
2026-07-02,SSE,511100,基准国债,11592.05
2026-07-02,SSE,511110,公司债易,26839.96
2026-07-02,SSE,511120,科创债基,11373.06
2026-07-02,SSE,511130,国债30年,17285.97
2026-07-02,SSE,511150,科债永赢,11159.09
2026-07-02,SSE,511160,国债东财,2795.09
2026-07-02,SSE,511180,上证转债,91355.97
2026-07-02,SSE,511190,信用债,12264.43
2026-07-02,SSE,511200,信用债基,20161.75
2026-07-02,SSE,511220,城投ETF,527778.14
2026-07-02,SSE,511260,十年国债,14461.65
2026-07-02,SSE,511270,10年地债,8328.75
2026-07-02,SSE,511360,短融ETF,68938.66
2026-07-02,SSE,511380,转债ETF,424118.67
2026-07-02,SSE,511520,政金债,35787.65
2026-07-02,SSE,511580,国债政金,9420.48
2026-07-02,SSE,512000,券商ETF,7327383.54
2026-07-02,SSE,512010,医药ETF,4911169.49
2026-07-02,SSE,512020,A500,95601.27
2026-07-02,SSE,512030,A50增,4424
2026-07-02,SSE,512040,国信价值,413671.59
2026-07-02,SSE,512050,A500E,1363699.22
2026-07-02,SSE,512060,A100指基,892.8
2026-07-02,SSE,512070,证券保险,1770547.97
2026-07-02,SSE,512080,A500中金,59618.61
2026-07-02,SSE,512090,MSCI易基,33359.23
2026-07-02,SSE,512100,1000ETF,339521.76
2026-07-02,SSE,512120,医药50,84324.19
2026-07-02,SSE,512130,现金全指,1389.5
2026-07-02,SSE,512140,电力事业,16304.9
2026-07-02,SSE,512150,A50ETF,1907.34
2026-07-02,SSE,512160,MSCI基金,12177.78
2026-07-02,SSE,512170,医疗ETF,8342382.05
2026-07-02,SSE,512180,建信MSCI,4804.8
2026-07-02,SSE,512190,之江凤凰,15461.84
2026-07-02,SSE,512200,地产ETF,261084.79
2026-07-02,SSE,512220,TMTETF,19346.76
2026-07-02,SSE,512240,A50龙头,1718.6
2026-07-02,SSE,512250,A50指数E,12860.01
2026-07-02,SSE,512260,500低波,2209.77
2026-07-02,SSE,512290,生物医药,386782.07
2026-07-02,SSE,512330,信息ETF,36118.8
2026-07-02,SSE,512360,MSCI国际,2733.77
2026-07-02,SSE,512370,A500增指,32331.3
2026-07-02,SSE,512380,MSCI中国,7280.56
2026-07-02,SSE,512390,MSCI低波,1868.2
2026-07-02,SSE,512400,有色ETF,1227253.9
2026-07-02,SSE,512430,家电家居,3172
2026-07-02,SSE,512450,广发养殖,11686.7
2026-07-02,SSE,512460,电池主题,15582.3
2026-07-02,SSE,512480,半导体,1736600.72
2026-07-02,SSE,512500,中证500,161360.88
2026-07-02,SSE,512510,ETF500,39592.98
2026-07-02,SSE,512520,MSCIETF,4205.64
2026-07-02,SSE,512530,300红利,10250.2
2026-07-02,SSE,512550,A50基金,10990.6
2026-07-02,SSE,512560,中证军工,81612.7
2026-07-02,SSE,512570,中证证券,363880.61
2026-07-02,SSE,512580,环保ETF,58467.17
2026-07-02,SSE,512600,必选消费,154265.61
2026-07-02,SSE,512620,农业TH,120466.6
2026-07-02,SSE,512630,卫星基金,159142.6
2026-07-02,SSE,512640,金融地产,2224.09
2026-07-02,SSE,512650,长三角,3294.16
2026-07-02,SSE,512660,军工ETF,531408
2026-07-02,SSE,512670,国防ETF,195865.26
2026-07-02,SSE,512680,军工基金,326173.01
2026-07-02,SSE,512690,酒ETF,3454855.02
2026-07-02,SSE,512700,银行基金,78058.1
2026-07-02,SSE,512710,军工龙头,1120265.84
2026-07-02,SSE,512720,计算机,40345.34
2026-07-02,SSE,512730,银行FUND,7158.39
2026-07-02,SSE,512750,基本面50,4745.49
2026-07-02,SSE,512760,芯片ETF,901144.55
2026-07-02,SSE,512770,战略新兴,10126.78
2026-07-02,SSE,512800,银行ETF,1448367.99
2026-07-02,SSE,512810,国防军工,95558.35
2026-07-02,SSE,512820,银行股基,44620.19
2026-07-02,SSE,512870,杭州湾区,2141.06
2026-07-02,SSE,512880,证券ETF,5282729.15
2026-07-02,SSE,512890,红利低波,2943811.08
2026-07-02,SSE,512900,证券基金,716590.6
2026-07-02,SSE,512910,100ETF,13112.88
2026-07-02,SSE,512930,AIETF,439652.13
2026-07-02,SSE,512940,有色矿业,216370.5
2026-07-02,SSE,512950,央企改革,404555.1
2026-07-02,SSE,512960,央调ETF,385125.73
2026-07-02,SSE,512970,湾区ETF,998.76
2026-07-02,SSE,512980,传媒ETF,429742.44
2026-07-02,SSE,512990,MSCIA股,9901.54
2026-07-02,SSE,513000,225ETF,98241.14
2026-07-02,SSE,513010,港股科技,4537830.7
2026-07-02,SSE,513020,科技HK,264614.54
2026-07-02,SSE,513030,德国ETF,101277.9
2026-07-02,SSE,513040,HK互联网,572184.13
2026-07-02,SSE,513050,中概互联,3355443.27
2026-07-02,SSE,513060,恒生医疗,1117289.33
2026-07-02,SSE,513070,HK消费50,121176.08
2026-07-02,SSE,513080,法国ETF,63591.6
2026-07-02,SSE,513090,香港证券,1059598.8
2026-07-02,SSE,513100,纳指ETF,946511.06
2026-07-02,SSE,513110,纳指100,216043.5
2026-07-02,SSE,513120,HK创新药,2316513.54
2026-07-02,SSE,513130,恒生科技,6479234.7
2026-07-02,SSE,513140,港股金融,8336.8
2026-07-02,SSE,513150,港科技50,11605.98
2026-07-02,SSE,513160,科技30,341718.93
2026-07-02,SSE,513170,恒生央企,20557.3
2026-07-02,SSE,513180,恒指科技,7284875.95
2026-07-02,SSE,513190,H股金融,97393.6
2026-07-02,SSE,513200,港股医药,102728.21
2026-07-02,SSE,513210,恒生E,4294.2
2026-07-02,SSE,513220,互联网30,56110.94
2026-07-02,SSE,513230,H股消费,31142.27
2026-07-02,SSE,513240,港信息,7949.6
2026-07-02,SSE,513260,恒科技,522524.3
2026-07-02,SSE,513280,恒生生物,40811.45
2026-07-02,SSE,513290,纳指生物,97057.21
2026-07-02,SSE,513300,纳斯达克,519742.1
2026-07-02,SSE,513310,中韩芯片,230442.7
2026-07-02,SSE,513320,HK新经济,11101.06
2026-07-02,SSE,513330,恒生互联,7201948
2026-07-02,SSE,513350,油气ETF,80274.6
2026-07-02,SSE,513360,教育ETF,66121.39
2026-07-02,SSE,513380,科技恒生,1904178.49
2026-07-02,SSE,513390,纳指基金,190237.91
2026-07-02,SSE,513400,道琼斯,230206.2
2026-07-02,SSE,513500,标普500,997163.86
2026-07-02,SSE,513520,日经ETF,105688.72
2026-07-02,SSE,513530,港股红利,259743.87
2026-07-02,SSE,513550,港股通50,160399.2
2026-07-02,SSE,513560,香港科技,55238.6
2026-07-02,SSE,513580,HS科技,669611.8
2026-07-02,SSE,513590,香港消费,13381.89
2026-07-02,SSE,513600,恒指ETF,59282.95
2026-07-02,SSE,513620,港医疗指,15721.6
2026-07-02,SSE,513630,香港红利,757135.9
2026-07-02,SSE,513650,标普ETF,420173.4
2026-07-02,SSE,513660,恒生通,221200.02
2026-07-02,SSE,513690,恒生股息,350547.99
2026-07-02,SSE,513700,香港医药,91984.6
2026-07-02,SSE,513720,香港互联,23885.9
2026-07-02,SSE,513730,东南亚,86135.5
2026-07-02,SSE,513750,港股非银,956633.8
2026-07-02,SSE,513770,港股互联,1404313.79
2026-07-02,SSE,513780,港股新药,175465.7
2026-07-02,SSE,513800,东证ETF,105304.44
2026-07-02,SSE,513810,港股国企,3999.2
2026-07-02,SSE,513820,港股分红,182166.9
2026-07-02,SSE,513830,红利港股,5631.1
2026-07-02,SSE,513850,美国50,120289.26
2026-07-02,SSE,513860,HKC科技,418747.06
2026-07-02,SSE,513870,纳指指数,128167.1
2026-07-02,SSE,513880,日经225,127397
2026-07-02,SSE,513890,HK科技,92412.8
2026-07-02,SSE,513900,港股100,12197.8
2026-07-02,SSE,513910,红利央企,202427.6
2026-07-02,SSE,513920,央企40,258923.1
2026-07-02,SSE,513930,香港生科,7740.8
2026-07-02,SSE,513950,恒生红利,200161.9
2026-07-02,SSE,513970,恒生消费,149404.1
2026-07-02,SSE,513980,科技港股,2321420.4
2026-07-02,SSE,513990,港股通综,6700
2026-07-02,SSE,515000,科技ETF,235857.93
2026-07-02,SSE,515010,华夏证券,191677.16
2026-07-02,SSE,515020,银行指数,39584.53
2026-07-02,SSE,515030,新汽车,164638.4
2026-07-02,SSE,515050,5GETF,1824520.54
2026-07-02,SSE,515060,华夏地产,87947.81
2026-07-02,SSE,515070,AI智能,368897.02
2026-07-02,SSE,515080,中证红利,832314.89
2026-07-02,SSE,515090,可持续,880.17
2026-07-02,SSE,515100,红利100,423144.15
2026-07-02,SSE,515110,国企方达,22129.5
2026-07-02,SSE,515120,创新药,1834899.36
2026-07-02,SSE,515130,HS300E,7346.32
2026-07-02,SSE,515150,国企富国,39870.32
2026-07-02,SSE,515160,MSCI招商,24395.51
2026-07-02,SSE,515170,食品饮料,909325.79
2026-07-02,SSE,515180,100红利,1238863.7
2026-07-02,SSE,515190,BOCI500,25946.61
2026-07-02,SSE,515200,创新100,4094.32
2026-07-02,SSE,515210,钢铁ETF,91922.61
2026-07-02,SSE,515220,煤炭ETF,1155617.69
2026-07-02,SSE,515230,软件ETF,700669.09
2026-07-02,SSE,515250,智能汽车,38894.45
2026-07-02,SSE,515260,电子ETF,100856.84
2026-07-02,SSE,515290,银行,269867.29
2026-07-02,SSE,515300,红利300,394717.52
2026-07-02,SSE,515310,添富300,23761.12
2026-07-02,SSE,515320,电子50,8130.9
2026-07-02,SSE,515330,天弘300,538470.95
2026-07-02,SSE,515350,民生300,1169.92
2026-07-02,SSE,515360,方正300,3827.93
2026-07-02,SSE,515370,中证光伏,95571.3
2026-07-02,SSE,515380,泰康300,64179.98
2026-07-02,SSE,515390,HS300,127868.3
2026-07-02,SSE,515400,大数据,148863.14
2026-07-02,SSE,515450,红利50,1388483.5
2026-07-02,SSE,515460,质量红利,29809.1
2026-07-02,SSE,515530,泰康500,1224.27
2026-07-02,SSE,515550,国联500,1634.57
2026-07-02,SSE,515560,证券E,19188.33
2026-07-02,SSE,515580,中证科技,31403.14
2026-07-02,SSE,515590,500ETFEW,3211.37
2026-07-02,SSE,515600,央企创新,103479.74
2026-07-02,SSE,515630,保险证券,72771.77
2026-07-02,SSE,515640,家电指数,1705
2026-07-02,SSE,515650,消费50,306918.4
2026-07-02,SSE,515660,沪深300E,45879.42
2026-07-02,SSE,515680,创新央企,110026.47
2026-07-02,SSE,515700,新能车,62351.02
2026-07-02,SSE,515710,食品ETF,246709.98
2026-07-02,SSE,515720,金科富国,41561.1
2026-07-02,SSE,515730,家居家电,3989.2
2026-07-02,SSE,515750,科技50,29414.05
2026-07-02,SSE,515760,浙江国资,9738.81
2026-07-02,SSE,515770,MSCIAETF,4572.73
2026-07-02,SSE,515790,光伏ETF,689349.4
2026-07-02,SSE,515800,800ETF,301693.72
2026-07-02,SSE,515810,ZZ800ETF,25490.88
2026-07-02,SSE,515850,证券龙头,41479.1
2026-07-02,SSE,515860,科技100,10787.89
2026-07-02,SSE,515880,通信ETF,3395838.7
2026-07-02,SSE,515890,红利博时,33744.39
2026-07-02,SSE,515900,央创ETF,222544.65
2026-07-02,SSE,515910,质量ETF,24250.7
2026-07-02,SSE,515920,智能消费,6440.57
2026-07-02,SSE,515950,医药龙头,62120.06
2026-07-02,SSE,515960,医药100,25899.19
2026-07-02,SSE,515970,华夏机械,92208.8
2026-07-02,SSE,515980,人工智能,577412.9
2026-07-02,SSE,515990,添富国企,5535.02
2026-07-02,SSE,516000,数据ETF,35385.5
2026-07-02,SSE,516010,游戏ETF,223269.3
2026-07-02,SSE,516020,化工ETF,374482.62
2026-07-02,SSE,516050,科技龙头,15522.8
2026-07-02,SSE,516060,新药ETF,33923.74
2026-07-02,SSE,516070,碳中和50,30964.6
2026-07-02,SSE,516080,创新医药,390955.48
2026-07-02,SSE,516090,新能源E,190684.48
2026-07-02,SSE,516100,科技金融,106575.97
2026-07-02,SSE,516110,汽车ETF,21162.31
2026-07-02,SSE,516120,化工50,535858.2
2026-07-02,SSE,516130,消费龙头,153589
2026-07-02,SSE,516150,稀土基金,382107.7
2026-07-02,SSE,516160,新能源,155364.2
2026-07-02,SSE,516180,光伏产业,15898.7
2026-07-02,SSE,516190,文娱ETF,9981.85
2026-07-02,SSE,516200,证券行业,38460.4
2026-07-02,SSE,516210,银行股,8383.1
2026-07-02,SSE,516220,化工龙头,32317
2026-07-02,SSE,516230,光伏招商,72692.1
2026-07-02,SSE,516250,富国机械,9687.8
2026-07-02,SSE,516260,物联网50,4588.26
2026-07-02,SSE,516270,新能源50,32090.9
2026-07-02,SSE,516290,光伏基金,75519.69
2026-07-02,SSE,516300,中证1000,2301.26
2026-07-02,SSE,516310,银行指基,176665.85
2026-07-02,SSE,516320,装备ETF,8458.93
2026-07-02,SSE,516330,物联网,487.13
2026-07-02,SSE,516350,芯片50,129841.53
2026-07-02,SSE,516360,新材料,5855.18
2026-07-02,SSE,516370,全指电力,32040.8
2026-07-02,SSE,516380,智能电车,7844.93
2026-07-02,SSE,516390,电动车,17076.1
2026-07-02,SSE,516460,现金流E,43169.3
2026-07-02,SSE,516500,生物ETF,28693.72
2026-07-02,SSE,516510,云计算,144489
2026-07-02,SSE,516520,智能驾驶,86176.55
2026-07-02,SSE,516530,物流快递,1830.23
2026-07-02,SSE,516550,农业ETF,24641.44
2026-07-02,SSE,516560,养老ETF,21575.8
2026-07-02,SSE,516570,石化ETF,114935.76
2026-07-02,SSE,516580,新能源BS,14012.41
2026-07-02,SSE,516590,电动汽车,4901.5
2026-07-02,SSE,516600,消服ETF,11633.21
2026-07-02,SSE,516610,医服ETF,22597.48
2026-07-02,SSE,516620,影视ETF,16176.75
2026-07-02,SSE,516630,云计算50,52015.6
2026-07-02,SSE,516640,芯片龙头,129848.28
2026-07-02,SSE,516650,有色50,526246.48
2026-07-02,SSE,516660,新能汽车,15468.9
2026-07-02,SSE,516670,畜牧养殖,299726.63
2026-07-02,SSE,516700,数据产业,14962.2
2026-07-02,SSE,516710,新材料50,8027.2
2026-07-02,SSE,516720,ESGETF,1233.78
2026-07-02,SSE,516730,证券公司,17288.08
2026-07-02,SSE,516750,建材ETF,13066.73
2026-07-02,SSE,516760,养殖ETF,30721.51
2026-07-02,SSE,516770,游戏动漫,34504.8
2026-07-02,SSE,516780,稀土ETF,224509.97
2026-07-02,SSE,516790,保健ETF,18008.22
2026-07-02,SSE,516800,智能制造,18630.8
2026-07-02,SSE,516810,农业,52447.89
2026-07-02,SSE,516820,医疗创新,538241.52
2026-07-02,SSE,516830,300ESG,8717.69
2026-07-02,SSE,516840,汽车基金,12327.7
2026-07-02,SSE,516850,新能源80,14623.7
2026-07-02,SSE,516860,金融科技,116552.2
2026-07-02,SSE,516880,光伏50,98594.41
2026-07-02,SSE,516890,新材ETF,3031.14
2026-07-02,SSE,516900,食品50,35372.9
2026-07-02,SSE,516910,物流ETF,5764.18
2026-07-02,SSE,516920,芯片基金,47196.3
2026-07-02,SSE,516930,生科ETF,11213.96
2026-07-02,SSE,516950,基建ETF,11882.1
2026-07-02,SSE,516960,机械ETF,1405.11
2026-07-02,SSE,516970,基建50,111154.25
2026-07-02,SSE,516980,证券先锋,6751.6
2026-07-02,SSE,517000,沪港深,13279.3
2026-07-02,SSE,517010,HGS500E,8714.42
2026-07-02,SSE,517030,HGS300,8704.03
2026-07-02,SSE,517050,互联网50,34960.5
2026-07-02,SSE,517080,HGS500,18516.6
2026-07-02,SSE,517090,共赢ETF,6307.5
2026-07-02,SSE,517100,AH500ETF,15710.21
2026-07-02,SSE,517110,创新药HK,120209.85
2026-07-02,SSE,517120,创新药50,58696.64
2026-07-02,SSE,517130,云计算JS,25115.4
2026-07-02,SSE,517160,长江ETF,182677.75
2026-07-02,SSE,517170,沪港深E,1613.18
2026-07-02,SSE,517180,中国国企,10149.63
2026-07-02,SSE,517200,互联网,14278.2
2026-07-02,SSE,517300,AH300ETF,126043.45
2026-07-02,SSE,517330,长江保护,180616.9
2026-07-02,SSE,517350,龙头科技,5054.2
2026-07-02,SSE,517360,AH科技,2508.3
2026-07-02,SSE,517380,创新药AH,236632.63
2026-07-02,SSE,517390,云计算AH,13311.26
2026-07-02,SSE,517400,黄金股票,78079.2
2026-07-02,SSE,517520,黄金股,471690.4
2026-07-02,SSE,517550,消费主题,8941.74
2026-07-02,SSE,517660,物联网AH,4468.07
2026-07-02,SSE,517770,游戏传媒,15394.78
2026-07-02,SSE,517800,AI50,22553.97
2026-07-02,SSE,517850,张江ETF,3818.52
2026-07-02,SSE,517880,品牌消费,5333.71
2026-07-02,SSE,517900,银行优选,47999.35
2026-07-02,SSE,517950,交银科技,5912.32
2026-07-02,SSE,517990,医药基金,4798.79
2026-07-02,SSE,518600,上海金,81601.63
2026-07-02,SSE,518660,工银黄金,93105.27
2026-07-02,SSE,518680,金ETF,77196.95
2026-07-02,SSE,518800,黄金基金,356887.92
2026-07-02,SSE,518850,黄金9999,169207.87
2026-07-02,SSE,518860,上海金E,47475.98
2026-07-02,SSE,518880,黄金ETF,1031694.08
2026-07-02,SSE,518890,中银黄金,39955.48
2026-07-02,SSE,520500,恒生新药,195530.5
2026-07-02,SSE,520510,港股医疗,21972.8
2026-07-02,SSE,520520,HK消费,5410.6
2026-07-02,SSE,520530,港科ETF,25877.6
2026-07-02,SSE,520550,红利恒生,110102.4
2026-07-02,SSE,520560,香港30,67441.9
2026-07-02,SSE,520570,科技恒指,353087.6
2026-07-02,SSE,520580,新兴亚洲,29198.39
2026-07-02,SSE,520590,恒科,22423.5
2026-07-02,SSE,520600,汽车港股,32636.8
2026-07-02,SSE,520610,港红利指,28096.3
2026-07-02,SSE,520620,港股消费,33940.9
2026-07-02,SSE,520630,互联港股,43811
2026-07-02,SSE,520650,互联网HK,188675.5
2026-07-02,SSE,520660,港红利CS,230648.55
2026-07-02,SSE,520670,港科基金,23242.81
2026-07-02,SSE,520680,港股通车,6736.9
2026-07-02,SSE,520690,恒生港药,70345.4
2026-07-02,SSE,520700,创新药WJ,50007.6
2026-07-02,SSE,520710,信息港股,8302.9
2026-07-02,SSE,520720,香港汽车,13194.2
2026-07-02,SSE,520730,汽车WJ,12539.44
2026-07-02,SSE,520760,港股生物,20046.6
2026-07-02,SSE,520770,港股恒指,20937.38
2026-07-02,SSE,520780,港股车50,4046
2026-07-02,SSE,520790,港互联网,38507.5
2026-07-02,SSE,520810,港高股息,27936
2026-07-02,SSE,520820,恒指通,6668.2
2026-07-02,SSE,520830,沙特ETF,118661.9
2026-07-02,SSE,520840,港科技,124604.9
2026-07-02,SSE,520850,港医疗,16724.96
2026-07-02,SSE,520860,港股通科,34219.5
2026-07-02,SSE,520870,巴西ETF,54647.72
2026-07-02,SSE,520880,港创新药,561961.8
2026-07-02,SSE,520890,港红利,7200.8
2026-07-02,SSE,520900,红利香港,173317.5
2026-07-02,SSE,520910,HK互联,77144.5
2026-07-02,SSE,520920,恒生科TH,1912101.9
2026-07-02,SSE,520930,恒生生科,12473.3
2026-07-02,SSE,520940,恒指基金,2329.7
2026-07-02,SSE,520950,港股50,33742.1
2026-07-02,SSE,520960,恒指港通,6660.34
2026-07-02,SSE,520970,港股通药,131635.8
2026-07-02,SSE,520980,港科技30,346538.7
2026-07-02,SSE,520990,国新红利,365947.05
2026-07-02,SSE,526000,港股信息,10714.2
2026-07-02,SSE,526010,香港医疗,8245.8
2026-07-02,SSE,526030,港信息基,16046.5
2026-07-02,SSE,526050,香港信息,5563
2026-07-02,SSE,526070,恒生博时,9737.7
2026-07-02,SSE,530000,50ETF基,95102.94
2026-07-02,SSE,530050,SH50ETF,13081.3
2026-07-02,SSE,530060,上证综E,26119.3
2026-07-02,SSE,530080,180指基,3091.7
2026-07-02,SSE,530100,上证580,12069.6
2026-07-02,SSE,530180,上证180,6395.2
2026-07-02,SSE,530280,180ETF指,2843.4
2026-07-02,SSE,530300,180指数,3764.3
2026-07-02,SSE,530380,上证380,15070.5
2026-07-02,SSE,530530,580ETF,12246
2026-07-02,SSE,530580,180基金,7314.9
2026-07-02,SSE,530680,180E,11889.19
2026-07-02,SSE,530800,上180ETF,1820.18
2026-07-02,SSE,530880,上证红利,4633.6
2026-07-02,SSE,551000,科创债,8058.61
2026-07-02,SSE,551030,科创债券,18575
2026-07-02,SSE,551060,科创债沪,5836.1
2026-07-02,SSE,551300,科创债摩,4909.75
2026-07-02,SSE,551500,科创债易,10672
2026-07-02,SSE,551510,科债AAA,13672.61
2026-07-02,SSE,551520,科创债汇,19583.16
2026-07-02,SSE,551550,科创AAA,17044.82
2026-07-02,SSE,551560,科创债兴,17112.88
2026-07-02,SSE,551580,科创债TK,10772.68
2026-07-02,SSE,551800,国泰科债,12205.14
2026-07-02,SSE,551900,科创债指,14823.17
2026-07-02,SSE,560000,智慧电车,702.29
2026-07-02,SSE,560010,1000基金,158462.17
2026-07-02,SSE,560020,红利添富,12456.2
2026-07-02,SSE,560030,800价值,2343.2
2026-07-02,SSE,560050,MSCIA50,231243.44
2026-07-02,SSE,560060,碳中和基,7709
2026-07-02,SSE,560070,央企分红,12986.23
2026-07-02,SSE,560080,中药ETF,262426.5
2026-07-02,SSE,560090,证券指数,221086.5
2026-07-02,SSE,560100,增强ETF,5958.03
2026-07-02,SSE,560110,ZZ1000,12790.35
2026-07-02,SSE,560120,500现金,58668.9
2026-07-02,SSE,560130,食品基金,7177.62
2026-07-02,SSE,560150,红利TK,68327.93
2026-07-02,SSE,560160,食品E,12070.6
2026-07-02,SSE,560170,央企科技,25549.55
2026-07-02,SSE,560180,ESG300,1560.3
2026-07-02,SSE,560190,公用事业,1983.4
2026-07-02,SSE,560210,景顺农牧,55152.2
2026-07-02,SSE,560220,2000基金,4871.7
2026-07-02,SSE,560230,光伏富国,9188.9
2026-07-02,SSE,560250,红利质量,28483.3
2026-07-02,SSE,560260,医疗50,188566.47
2026-07-02,SSE,560270,电力指数,17943.9
2026-07-02,SSE,560280,工程机械,198025.2
2026-07-02,SSE,560290,景顺有色,26669.4
2026-07-02,SSE,560300,电信50,2980.34
2026-07-02,SSE,560310,光伏博时,17912.2
2026-07-02,SSE,560320,食品富国,15833.2
2026-07-02,SSE,560330,300价值E,1713
2026-07-02,SSE,560350,A50指数,87353.21
2026-07-02,SSE,560360,软件指数,20034.5
2026-07-02,SSE,560370,全指红利,11858.4
2026-07-02,SSE,560380,A100,14486.1
2026-07-02,SSE,560390,电网E,131625.8
2026-07-02,SSE,560400,证券华泰,16449.3
2026-07-02,SSE,560410,电池鹏华,5678.61
2026-07-02,SSE,560420,食品Q,15278.02
2026-07-02,SSE,560450,电力TH,30706.9
2026-07-02,SSE,560460,电力平安,32353.7
2026-07-02,SSE,560470,有色E,28534
2026-07-02,SSE,560480,中证电力,14930.3
2026-07-02,SSE,560490,华泰有色,12148.2
2026-07-02,SSE,560500,500质量,27833.9
2026-07-02,SSE,560510,中证A500,246502.69
2026-07-02,SSE,560520,红利大成,3075.1
2026-07-02,SSE,560530,A500ETF,227862.37
2026-07-02,SSE,560550,碳中和,12559.74
2026-07-02,SSE,560560,碳中和TK,7419.01
2026-07-02,SSE,560570,A500低波,145954.12
2026-07-02,SSE,560580,电力指基,42100.3
2026-07-02,SSE,560590,1000鹏华,1371
2026-07-02,SSE,560610,A500指数,445398.84
2026-07-02,SSE,560620,公用WJ,2636.7
2026-07-02,SSE,560630,机器人WJ,12239.4
2026-07-02,SSE,560650,核心50,791.92
2026-07-02,SSE,560660,云50ETF,13393.8
2026-07-02,SSE,560670,中证银行,8497.4
2026-07-02,SSE,560680,龙头消费,32922.56
2026-07-02,SSE,560690,电信主题,1963.9
2026-07-02,SSE,560700,央红利50,37103.69
2026-07-02,SSE,560710,船舶ETF,199158
2026-07-02,SSE,560720,工银红利,19154.8
2026-07-02,SSE,560750,A500申万,6955.48
2026-07-02,SSE,560770,机器人ZS,142213.3
2026-07-02,SSE,560780,半导设备,895048.8
2026-07-02,SSE,560790,软件服务,23245.59
2026-07-02,SSE,560800,数字ETF,28595.11
2026-07-02,SSE,560810,央企ESG,19311.6
2026-07-02,SSE,560820,A50新华,4092.6
2026-07-02,SSE,560830,电指数,76101.9
2026-07-02,SSE,560850,信创50,7516.4
2026-07-02,SSE,560860,工业有色,559123.3
2026-07-02,SSE,560870,中银有色,10735.19
2026-07-02,SSE,560880,家电基金,20273.2
2026-07-02,SSE,560900,创新药企,23096.91
2026-07-02,SSE,560910,中证电池,19472.1
2026-07-02,SSE,560930,电力E,21252.4
2026-07-02,SSE,560950,500增,1348.3
2026-07-02,SSE,560970,有色金属,8013.8
2026-07-02,SSE,560980,光伏龙头,35552.2
2026-07-02,SSE,560990,科技先锋,1518.71
2026-07-02,SSE,561000,300指增,4742
2026-07-02,SSE,561010,软件开发,24835.6
2026-07-02,SSE,561030,机械华泰,20555
2026-07-02,SSE,561050,稀金属E,19625
2026-07-02,SSE,561060,红利国企,5756.5
2026-07-02,SSE,561080,现金自由,2725
2026-07-02,SSE,561090,A500增,21297.4
2026-07-02,SSE,561100,电子龙头,69274.69
2026-07-02,SSE,561120,家电ETF,2965.99
2026-07-02,SSE,561130,国货ETF,9793.52
2026-07-02,SSE,561160,锂电池,258833.5
2026-07-02,SSE,561170,绿电50,51503.27
2026-07-02,SSE,561180,A100ETF,4760.96
2026-07-02,SSE,561190,双碳ETF,19931.8
2026-07-02,SSE,561200,A100基金,2947.05
2026-07-02,SSE,561220,国企数字,3705.3
2026-07-02,SSE,561230,A50,44047.78
2026-07-02,SSE,561260,能源ETF,2489.52
2026-07-02,SSE,561280,增强1000,7284.77
2026-07-02,SSE,561300,300增ETF,37696.5
2026-07-02,SSE,561310,消电ETF,4791.66
2026-07-02,SSE,561320,交运ETF,5736.9
2026-07-02,SSE,561330,矿业ETF,173339.21
2026-07-02,SSE,561350,国泰500,6470
2026-07-02,SSE,561360,石油ETF,129914.8
2026-07-02,SSE,561370,2000ETF,2235.6
2026-07-02,SSE,561380,电网ETF,646603.4
2026-07-02,SSE,561430,全指质量,15272.32
2026-07-02,SSE,561500,漂亮50,5910.03
2026-07-02,SSE,561510,中医药,6520.6
2026-07-02,SSE,561550,500指增,101998.96
2026-07-02,SSE,561560,电力ETF,208012.42
2026-07-02,SSE,561570,油气基金,8214.7
2026-07-02,SSE,561580,央企红利,204087.07
2026-07-02,SSE,561590,1000增强,7399.96
2026-07-02,SSE,561600,消费电子,18427.4
2026-07-02,SSE,561660,通航基金,5971
2026-07-02,SSE,561680,A500红低,7116.9
2026-07-02,SSE,561700,电力基金,34481.36
2026-07-02,SSE,561750,A50博时,6149.6
2026-07-02,SSE,561760,油气博时,18469.5
2026-07-02,SSE,561770,指基A100,3755
2026-07-02,SSE,561780,1000指增,1535.58
2026-07-02,SSE,561790,现代能源,5513.4
2026-07-02,SSE,561800,稀金属,19707.72
2026-07-02,SSE,561870,现金流指,10876.5
2026-07-02,SSE,561880,A100指数,8038.9
2026-07-02,SSE,561900,沪深ESG,2333.44
2026-07-02,SSE,561910,电池ETF,470307.66
2026-07-02,SSE,561920,疫苗龙头,4869.2
2026-07-02,SSE,561930,招商300,13326.06
2026-07-02,SSE,561950,500增强A,7365.6
2026-07-02,SSE,561960,央企回报,5418.52
2026-07-02,SSE,561980,芯片设备,849055
2026-07-02,SSE,561990,300增强,32564.92
2026-07-02,SSE,562000,中证A100,62873.79
2026-07-02,SSE,562010,绿色能源,2029.87
2026-07-02,SSE,562030,信创基金,13497.39
2026-07-02,SSE,562050,药ETF,11746.8
2026-07-02,SSE,562060,标普红利,549979.26
2026-07-02,SSE,562070,300ETF增,42954.2
2026-07-02,SSE,562080,自由现金,63475.72
2026-07-02,SSE,562300,低碳ETF,5949.5
2026-07-02,SSE,562310,300成长,53657.23
2026-07-02,SSE,562320,300价值A,5829.55
2026-07-02,SSE,562330,500价值,1001.89
2026-07-02,SSE,562340,500成长,714.43
2026-07-02,SSE,562350,电力,13341.09
2026-07-02,SSE,562360,机器人YH,25047.4
2026-07-02,SSE,562380,科技引领,7362.89
2026-07-02,SSE,562390,中药,8442.9
2026-07-02,SSE,562500,机器人,1568218.73
2026-07-02,SSE,562510,旅游ETF,108409.5
2026-07-02,SSE,562520,1000成长,2056.8
2026-07-02,SSE,562530,1000价值,4014.4
2026-07-02,SSE,562550,绿电ETF,161691.93
2026-07-02,SSE,562560,信息技术,2426.55
2026-07-02,SSE,562570,信创ETF,29128.1
2026-07-02,SSE,562580,可选消费,3622.33
2026-07-02,SSE,562590,半导材料,225566.3
2026-07-02,SSE,562600,医疗器械,45293.74
2026-07-02,SSE,562660,ZZ2000,20687.4
2026-07-02,SSE,562700,汽车零件,9875
2026-07-02,SSE,562800,稀有金属,584774.5
2026-07-02,SSE,562810,上证增强,4545.1
2026-07-02,SSE,562820,集成电路,12013.6
2026-07-02,SSE,562850,央企能源,21998.15
2026-07-02,SSE,562860,疫苗ETF,34289.5
2026-07-02,SSE,562870,证券全指,54450.52
2026-07-02,SSE,562880,电池基金,100489.96
2026-07-02,SSE,562890,A50中证,19105.1
2026-07-02,SSE,562900,现代农业,22170.63
2026-07-02,SSE,562910,高端制造,22922.73
2026-07-02,SSE,562920,信息安全,9206.9
2026-07-02,SSE,562930,软件30,125843.7
2026-07-02,SSE,562950,消电50,122425.83
2026-07-02,SSE,562960,绿色电力,119689.1
2026-07-02,SSE,562970,光伏E,36644.8
2026-07-02,SSE,562990,碳中和E,38575.6
2026-07-02,SSE,563000,中国A50,160345.11
2026-07-02,SSE,563010,电信ETF,9718.93
2026-07-02,SSE,563020,低波红利,1091391
2026-07-02,SSE,563030,增强500,10166.9
2026-07-02,SSE,563050,科技央企,9920.84
2026-07-02,SSE,563060,央企50,19552.7
2026-07-02,SSE,563080,中证A50E,105458.84
2026-07-02,SSE,563090,上50增强,5284.8
2026-07-02,SSE,563150,油气资源,5939.9
2026-07-02,SSE,563180,高股息,11542
2026-07-02,SSE,563200,2000指数,3145.88
2026-07-02,SSE,563210,专精特新,10806.7
2026-07-02,SSE,563220,A500富国,578901.37
2026-07-02,SSE,563230,卫星ETF,311723.7
2026-07-02,SSE,563280,A50增强,670.66
2026-07-02,SSE,563300,中证2000,223617.4
2026-07-02,SSE,563320,通用航空,20389.2
2026-07-02,SSE,563330,A股ETF,3076.06
2026-07-02,SSE,563350,中证A50,18199.76
2026-07-02,SSE,563360,A500基金,2268498.74
2026-07-02,SSE,563380,航空航天,89495
2026-07-02,SSE,563390,现金基金,194684.4
2026-07-02,SSE,563500,A500华宝,66995.87
2026-07-02,SSE,563510,A500红利,31453.7
2026-07-02,SSE,563520,300永赢,37306.5
2026-07-02,SSE,563530,卫星E,144974.8
2026-07-02,SSE,563550,增强A500,7655.9
2026-07-02,SSE,563560,科技成长,5776.9
2026-07-02,SSE,563570,金融科,10737.4
2026-07-02,SSE,563580,现金800,28364.8
2026-07-02,SSE,563590,红利A500,6894.44
2026-07-02,SSE,563600,A500增强,4848.3
2026-07-02,SSE,563620,现金流全,5904.9
2026-07-02,SSE,563630,A500指增,3994.71
2026-07-02,SSE,563650,A500中证,12290.9
2026-07-02,SSE,563660,A500银河,6008.52
2026-07-02,SSE,563670,金科基金,18598.7
2026-07-02,SSE,563680,现金流TF,11695.9
2026-07-02,SSE,563690,红利永赢,3788.2
2026-07-02,SSE,563700,红利价值,40315
2026-07-02,SSE,563750,500添富,33473.7
2026-07-02,SSE,563760,中银现金,82791.32
2026-07-02,SSE,563770,全指现金,2880.7
2026-07-02,SSE,563780,现金指数,30102.71
2026-07-02,SSE,563790,卫星产业,109244.7
2026-07-02,SSE,563800,A500龙头,706997.81
2026-07-02,SSE,563830,现金流基,13389.6
2026-07-02,SSE,563850,食品广发,8608.17
2026-07-02,SSE,563860,A500海富,15884.43
2026-07-02,SSE,563870,航空通用,10530.39
2026-07-02,SSE,563880,A500添富,98599.64
2026-07-02,SSE,563890,红利国有,2483.6
2026-07-02,SSE,563900,现金流,51296.57
2026-07-02,SSE,563930,上指增强,3159.2
2026-07-02,SSE,563960,300质量,24451.2
2026-07-02,SSE,563980,800红利,20696.7
2026-07-02,SSE,563990,800现金,41657.3
2026-07-02,SSE,588000,科创50,3113066.82
2026-07-02,SSE,588010,科创材料,104792.58
2026-07-02,SSE,588020,科创50E,50579.1
2026-07-02,SSE,588030,科创指基,242083.81
2026-07-02,SSE,588040,科创板指,8388.9
2026-07-02,SSE,588050,科创ETF,456524.13
2026-07-02,SSE,588060,上证科创,530514
2026-07-02,SSE,588070,科创万家,2443.7
2026-07-02,SSE,588080,科创板50,1951662.81
2026-07-02,SSE,588090,科创板,186607.28
2026-07-02,SSE,588100,科创信息,5674.87
2026-07-02,SSE,588110,科创成长,16075.8
2026-07-02,SSE,588120,科100ETF,99762.2
2026-07-02,SSE,588130,科创药,15858.26
2026-07-02,SSE,588140,科200GF,20875.1
2026-07-02,SSE,588150,科创龙头,28593.26
2026-07-02,SSE,588160,科创新材,58449.6
2026-07-02,SSE,588170,科创半导,675314.9
2026-07-02,SSE,588180,科创50基,73835.37
2026-07-02,SSE,588190,科创100,144761.83
2026-07-02,SSE,588200,科创芯片,1308989.48
2026-07-02,SSE,588210,科创100E,16825.4
2026-07-02,SSE,588220,科创100F,309219.79
2026-07-02,SSE,588230,科创200,45293.9
2026-07-02,SSE,588240,科200,10163.3
2026-07-02,SSE,588250,KC医药,29567.5
2026-07-02,SSE,588260,科创技术,4374.6
2026-07-02,SSE,588270,科创200F,25641
2026-07-02,SSE,588280,科创五零,25612.1
2026-07-02,SSE,588290,芯片科创,130139.7
2026-07-02,SSE,588300,双创ETF,136921.05
2026-07-02,SSE,588310,双创基金,2943.75
2026-07-02,SSE,588320,双创增强,5382.46
2026-07-02,SSE,588330,双创龙头,95973.78
2026-07-02,SSE,588350,双创,62054.6
2026-07-02,SSE,588360,创创ETF,20228.18
2026-07-02,SSE,588370,科创策略,6077.2
2026-07-02,SSE,588380,创50ETF,249577
2026-07-02,SSE,588390,科创创业,14093.59
2026-07-02,SSE,588400,双创50,120660.06
2026-07-02,SSE,588410,双创AI,10525
2026-07-02,SSE,588420,AI双创,13364.8
2026-07-02,SSE,588430,科创创AI,9445.8
2026-07-02,SSE,588450,科创50增,4856.87
2026-07-02,SSE,588460,科创增强,58651.4
2026-07-02,SSE,588470,双创智能,24190.7
2026-07-02,SSE,588480,AI50双创,17771.7
2026-07-02,SSE,588500,科创100Z,3964.7
2026-07-02,SSE,588510,智能双创,25517.5
2026-07-02,SSE,588520,科创增,1295.7
2026-07-02,SSE,588550,科创增指,5129
2026-07-02,SSE,588660,双创五零,3134.4
2026-07-02,SSE,588670,科综增强,3979.2
2026-07-02,SSE,588680,科100增,3236.1
2026-07-02,SSE,588690,科综指增,5163.6
2026-07-02,SSE,588700,科创生物,45533.62
2026-07-02,SSE,588710,科半导体,153629.5
2026-07-02,SSE,588720,中银科创,8974.18
2026-07-02,SSE,588730,科创AI,64839.63
2026-07-02,SSE,588750,科创芯50,250922.8
2026-07-02,SSE,588760,AI科创,208053.2
2026-07-02,SSE,588770,信息科创,33559.71
2026-07-02,SSE,588780,芯片设计,88790.2
2026-07-02,SSE,588790,科创智能,283038.4
2026-07-02,SSE,588800,科创100C,158487.7
2026-07-02,SSE,588810,科创板芯,51632.4
2026-07-02,SSE,588820,科创200E,14540
2026-07-02,SSE,588830,科创新能,62384.79
2026-07-02,SSE,588840,50科创,4023.6
2026-07-02,SSE,588850,科创机械,10677.9
2026-07-02,SSE,588860,科创医药,39688.94
2026-07-02,SSE,588870,科创50指,31755.2
2026-07-02,SSE,588880,科创指数,9636.8
2026-07-02,SSE,588890,科创芯,90881
2026-07-02,SSE,588900,科创100S,30778.3
2026-07-02,SSE,588910,科创价值,10304.91
2026-07-02,SSE,588920,KC芯片,14593.8
2026-07-02,SSE,588930,科创板AI,47132.9
2026-07-02,SSE,588940,科创富国,49042
2026-07-02,SSE,588950,景顺科创,24272.97
2026-07-02,SSE,588960,新能科创,13957.98
2026-07-02,SSE,588980,科创广发,1192
2026-07-02,SSE,588990,科芯片,19574.54
2026-07-02,SSE,589000,科创综指,77950.78
2026-07-02,SSE,589010,科创AI指,92079.3
2026-07-02,SSE,589020,KC半导体,95221.9
2026-07-02,SSE,589030,科芯设计,32207.7
2026-07-02,SSE,589050,科创E,5096.8
2026-07-02,SSE,589060,科综东财,6213.79
2026-07-02,SSE,589070,科芯TH,145729.3
2026-07-02,SSE,589080,科创综E,13306.1
2026-07-02,SSE,589090,KCAI,15443.1
2026-07-02,SSE,589100,国泰芯片,88744.25
2026-07-02,SSE,589110,科AI国泰,49541.3
2026-07-02,SSE,589120,创新药基,113562
2026-07-02,SSE,589130,科创芯易,294878
2026-07-02,SSE,589150,科创平安,8743.72
2026-07-02,SSE,589160,科芯片GF,18829.6
2026-07-02,SSE,589170,芯设计KC,13290.9
2026-07-02,SSE,589180,科创材基,13731.8
2026-07-02,SSE,589190,科创芯基,132978.1
2026-07-02,SSE,589200,科200E,1950.7
2026-07-02,SSE,589210,芯设计GF,56446.9
2026-07-02,SSE,589220,科200GT,30149.58
2026-07-02,SSE,589230,AI科创CS,21855.3
2026-07-02,SSE,589250,芯设计PY,7110.13
2026-07-02,SSE,589260,科创芯设,6115.6
2026-07-02,SSE,589270,科创100Q,2751.66
2026-07-02,SSE,589280,科综增指,8906.9
2026-07-02,SSE,589290,芯片主题,13984.89
2026-07-02,SSE,589300,科综嘉实,3758.25
2026-07-02,SSE,589320,科200JS,11405.3
2026-07-02,SSE,589330,科200DC,8590.2
2026-07-02,SSE,589350,科芯片指,16628.15
2026-07-02,SSE,589360,科创50GT,20917.4
2026-07-02,SSE,589380,AI科创指,9169.43
2026-07-02,SSE,589500,科综工银,8506.4
2026-07-02,SSE,589520,AI科创板,65110.46
2026-07-02,SSE,589550,KC价值,2529.55
2026-07-02,SSE,589560,科创AITF,22335.5
2026-07-02,SSE,589580,科综价格,1035.48
2026-07-02,SSE,589600,富国科综,22153.5
2026-07-02,SSE,589630,科综国泰,15662.9
2026-07-02,SSE,589660,综指科创,24153
2026-07-02,SSE,589680,科创综Z,99494.37
2026-07-02,SSE,589700,成长科创,1629.1
2026-07-02,SSE,589720,科创新药,356182.3
2026-07-02,SSE,589770,科创全指,16356.92
2026-07-02,SSE,589780,科200FG,5421.5
2026-07-02,SSE,589800,科创综合,91998.82
2026-07-02,SSE,589820,科200F,12372.02
2026-07-02,SSE,589850,科创东财,41805.7
2026-07-02,SSE,589860,天弘科综,16222.4
2026-07-02,SSE,589880,科创综,50999.6
2026-07-02,SSE,589890,景顺科综,8498.7
2026-07-02,SSE,589900,博时科综,15890.82
2026-07-02,SSE,589950,科100FG,29787.3
2026-07-02,SSE,589960,科创新源,13631.6
2026-07-02,SSE,589980,科基100,12012.2
2026-07-02,SSE,589990,科创板综,10609
2026-07-02,SZSE,159001,货币ETF易方达,1643.47
2026-07-02,SZSE,159003,招商快线ETF,174.47
2026-07-02,SZSE,159005,快钱ETF汇添富,104.20
2026-07-02,SZSE,159007,养殖ETF华泰柏瑞,19960.32
2026-07-02,SZSE,159008,证券ETF景顺,12128.45
2026-07-02,SZSE,159009,创业板新能源ETF易方达,5139.27
2026-07-02,SZSE,159010,港股通科技ETF博时,25209.76
2026-07-02,SZSE,159011,养殖ETF华安,6750.51
2026-07-02,SZSE,159012,科创创业50ETF鹏华,7788.11
2026-07-02,SZSE,159013,工业互联网ETF大成,5057.88
2026-07-02,SZSE,159015,恒生港股通科技ETF国联,11635.29
2026-07-02,SZSE,159016,证券ETF广发,29954.01
2026-07-02,SZSE,159017,石油ETF工银,16125.68
2026-07-02,SZSE,159018,石油ETF广发,2990.42
2026-07-02,SZSE,159019,石油ETF华宝,4932.77
2026-07-02,SZSE,159020,养殖ETF易方达,12856.70
2026-07-02,SZSE,159021,大盘价值ETF华夏,18290.77
2026-07-02,SZSE,159022,科创创业人工智能ETF富国,16263.09
2026-07-02,SZSE,159023,养殖ETF万家,8077.79
2026-07-02,SZSE,159026,石油ETF南方,5651.34
2026-07-02,SZSE,159027,畜牧养殖ETF大成,12947.22
2026-07-02,SZSE,159028,港股汽车ETF天弘,12944.90
2026-07-02,SZSE,159029,有色ETF广发,34412.77
2026-07-02,SZSE,159030,粮食ETF华夏,29896.81
2026-07-02,SZSE,159031,粮食ETF博时,50402.86
2026-07-02,SZSE,159032,工业有色ETF易方达,25084.50
2026-07-02,SZSE,159033,粮食ETF国泰,19332.34
2026-07-02,SZSE,159035,软件ETF天弘,34485.97
2026-07-02,SZSE,159036,软件开发ETF华宝,33274.01
2026-07-02,SZSE,159037,价值ETF鹏华,16024.98
2026-07-02,SZSE,159038,粮食ETF易方达,17902.69
2026-07-02,SZSE,159039,机器人ETF华安,26646.14
2026-07-02,SZSE,159040,港股通互联网ETF鹏华,11348.10
2026-07-02,SZSE,159041,农业ETF鹏华,15547.18
2026-07-02,SZSE,159042,价值ETF汇添富,18280.11
2026-07-02,SZSE,159045,稀有金属ETF大成,17133.02
2026-07-02,SZSE,159046,绿电ETF天弘,44747.68
2026-07-02,SZSE,159048,机器人ETF大成,14680.38
2026-07-02,SZSE,159050,机器人ETF广发,26770.36
2026-07-02,SZSE,159051,医疗器械ETF易方达,20511.78
2026-07-02,SZSE,159052,新能源电池ETF嘉实,19592.60
2026-07-02,SZSE,159053,稀有金属ETF华夏,16919.81
2026-07-02,SZSE,159055,稀有金属ETF富国,12529.39
2026-07-02,SZSE,159056,医疗器械ETF富国,21993.43
2026-07-02,SZSE,159057,医疗器械ETF鹏华,11871.53
2026-07-02,SZSE,159060,粮食ETF浦银,9548.34
2026-07-02,SZSE,159061,绿色电力ETF南方,23924.02
2026-07-02,SZSE,159062,稀有金属ETF南方,11020.12
2026-07-02,SZSE,159063,粮食ETF南方,7498.66
2026-07-02,SZSE,159065,工程机械ETF景顺,15235.08
2026-07-02,SZSE,159070,工程机械ETF嘉实,15936.68
2026-07-02,SZSE,159071,新能源电池ETF华宝,11991.17
2026-07-02,SZSE,159100,巴西ETF华夏,46554.69
2026-07-02,SZSE,159101,港股通科技ETF华夏,316931.14
2026-07-02,SZSE,159102,港股通生物科技ETF华安,78912.20
2026-07-02,SZSE,159103,金融科技ETF汇添富,31540.67
2026-07-02,SZSE,159105,恒生生物科技ETF易方达,23427.29
2026-07-02,SZSE,159106,民企300ETF前海开源,3757.94
2026-07-02,SZSE,159107,创业板软件ETF富国,63682.30
2026-07-02,SZSE,159108,工业软件ETF博时,11073.85
2026-07-02,SZSE,159109,恒生50ETF景顺,78616.38
2026-07-02,SZSE,159110,科创债ETF万家,2251.70
2026-07-02,SZSE,159111,科创债ETF天弘,14844.66
2026-07-02,SZSE,159112,科创债ETF银华,23853.78
2026-07-02,SZSE,159113,科创债ETF大成,8847.62
2026-07-02,SZSE,159115,科创债ETF华安,5033.34
2026-07-02,SZSE,159116,科创债ETF工银,11126.27
2026-07-02,SZSE,159117,港股通红利低波ETF鹏华,6240.11
2026-07-02,SZSE,159118,港股通红利低波ETF华夏,7767.70
2026-07-02,SZSE,159119,800现金流ETF招商,16105.42
2026-07-02,SZSE,159120,港股通科技ETF国联安,16302.44
2026-07-02,SZSE,159121,港股通汽车ETF易方达,10948.11
2026-07-02,SZSE,159122,创业板新能源ETF富国,6716.09
2026-07-02,SZSE,159123,光伏ETF嘉实,37304.70
2026-07-02,SZSE,159125,港股通科技ETF招商,93124.58
2026-07-02,SZSE,159126,港股通50ETF南方,26561.65
2026-07-02,SZSE,159127,港股通红利ETF南方,19384.42
2026-07-02,SZSE,159128,港股科技ETF天弘,205676.08
2026-07-02,SZSE,159129,化工ETF嘉实,119240.65
2026-07-02,SZSE,159130,恒生生物科技ETF鹏华,25038.94
2026-07-02,SZSE,159131,港股通信息技术ETF华宝,176191.99
2026-07-02,SZSE,159132,恒生生物科技ETF富国,11796.35
2026-07-02,SZSE,159133,化工ETF天弘,170241.33
2026-07-02,SZSE,159135,港股通科技ETF前海开源,68446.63
2026-07-02,SZSE,159136,A50ETF广发,10941.40
2026-07-02,SZSE,159137,港股通医疗ETF华宝,18163.26
2026-07-02,SZSE,159138,工程机械ETF易方达,23826.79
2026-07-02,SZSE,159139,科创创业人工智能ETF华泰柏瑞,14410.92
2026-07-02,SZSE,159140,科创创业人工智能ETF易方达,43193.68
2026-07-02,SZSE,159141,科创创业人工智能ETF永赢,123506.07
2026-07-02,SZSE,159142,科创创业人工智能ETF景顺,97726.01
2026-07-02,SZSE,159143,港股通央企红利ETF平安,5555.44
2026-07-02,SZSE,159145,工业软件ETF广发,6358.18
2026-07-02,SZSE,159146,电力ETF华宝,85444.08
2026-07-02,SZSE,159147,电池ETF南方,207090.95
2026-07-02,SZSE,159148,石油ETF富国,22446.66
2026-07-02,SZSE,159149,创业板新能源ETF工银,5251.52
2026-07-02,SZSE,159150,深证50ETF易方达,9099.76
2026-07-02,SZSE,159151,食品ETF华夏,13365.10
2026-07-02,SZSE,159152,港股通科技ETF平安,89555.60
2026-07-02,SZSE,159153,消费电子ETF鹏华,10172.59
2026-07-02,SZSE,159155,电池ETF大成,53651.32
2026-07-02,SZSE,159156,电池ETF万家,20146.12
2026-07-02,SZSE,159157,有色金属ETF天弘,848075.87
2026-07-02,SZSE,159158,电力ETF景顺,103303.53
2026-07-02,SZSE,159159,公用事业ETF国投瑞银,12381.85
2026-07-02,SZSE,159160,电池ETF东财,17181.92
2026-07-02,SZSE,159162,工业有色ETF鹏华,46293.98
2026-07-02,SZSE,159163,有色ETF泰康,25580.70
2026-07-02,SZSE,159165,养殖ETF永赢,10857.12
2026-07-02,SZSE,159166,现金流ETF长城,59181.60
2026-07-02,SZSE,159167,港股通医疗ETF工银,22354.91
2026-07-02,SZSE,159168,有色ETF富国,37445.50
2026-07-02,SZSE,159169,恒生生物科技ETF广发,19187.44
2026-07-02,SZSE,159170,港股通互联网ETF永赢,40263.83
2026-07-02,SZSE,159171,工业有色ETF博时,22953.29
2026-07-02,SZSE,159172,养殖ETF汇添富,38282.92
2026-07-02,SZSE,159173,农牧ETF南方,5545.53
2026-07-02,SZSE,159175,电池ETF易方达,47327.03
2026-07-02,SZSE,159176,家电ETF华宝,2330.33
2026-07-02,SZSE,159177,工程机械ETF鹏华,5361.92
2026-07-02,SZSE,159178,消费电子ETF汇添富,7543.29
2026-07-02,SZSE,159179,港股通互联网ETF工银,11490.35
2026-07-02,SZSE,159180,软件ETF银华,3115.59
2026-07-02,SZSE,159181,石油ETF易方达,14640.53
2026-07-02,SZSE,159182,家电ETF南方,3848.56
2026-07-02,SZSE,159183,新能源车ETF招商,5038.77
2026-07-02,SZSE,159185,港股通信息技术ETF鹏华,18709.90
2026-07-02,SZSE,159186,港股通汽车ETF鹏华,9286.92
2026-07-02,SZSE,159187,创业板新能源ETF景顺,5117.62
2026-07-02,SZSE,159188,红利100ETF景顺,6960.18
2026-07-02,SZSE,159189,石油ETF华夏,12608.31
2026-07-02,SZSE,159190,创业板新能源ETF天弘,6806.92
2026-07-02,SZSE,159191,港股通科技ETF易方达,7510.48
2026-07-02,SZSE,159192,家电ETF汇添富,1898.70
2026-07-02,SZSE,159193,新能源电池ETF银华,22308.03
2026-07-02,SZSE,159195,石油ETF华安,9449.01
2026-07-02,SZSE,159196,港股通信息技术ETF易方达,19753.03
2026-07-02,SZSE,159197,石油ETF招商,4838.82
2026-07-02,SZSE,159198,港股通信息技术ETF富国,8834.43
2026-07-02,SZSE,159199,石油ETF平安,7515.49
2026-07-02,SZSE,159200,科创债ETF富国,14943.26
2026-07-02,SZSE,159201,自由现金流ETF华夏,1238827.59
2026-07-02,SZSE,159202,恒生互联网ETF万家,111540.19
2026-07-02,SZSE,159203,大盘成长ETF博时,879.19
2026-07-02,SZSE,159205,创业板ETF东财,32705.60
2026-07-02,SZSE,159206,卫星ETF永赢,1149395.33
2026-07-02,SZSE,159207,高股息ETF广发,164548.33
2026-07-02,SZSE,159208,航空航天ETF万家,31746.27
2026-07-02,SZSE,159209,红利质量ETF招商,189363.50
2026-07-02,SZSE,159210,港股通汽车ETF汇添富,3054.98
2026-07-02,SZSE,159211,深证100ETF富国,1768.32
2026-07-02,SZSE,159212,深100ETF南方,7320.43
2026-07-02,SZSE,159213,机器人ETF汇添富,40923.75
2026-07-02,SZSE,159215,A500ETF平安,92858.28
2026-07-02,SZSE,159216,深证100ETF大成,954.82
2026-07-02,SZSE,159217,港股通创新药ETF工银,493915.75
2026-07-02,SZSE,159218,卫星ETF招商,230261.63
2026-07-02,SZSE,159219,深证100ETF融通,838.80
2026-07-02,SZSE,159220,港股通红利低波ETF华宝,46956.95
2026-07-02,SZSE,159221,现金流ETF嘉实,112101.32
2026-07-02,SZSE,159222,自由现金流ETF易方达,140137.04
2026-07-02,SZSE,159223,现金流ETF永赢,19284.47
2026-07-02,SZSE,159225,现金流ETF银华,26774.48
2026-07-02,SZSE,159226,中证A500增强ETF国泰,7809.48
2026-07-02,SZSE,159227,航空航天ETF华夏,442091.11
2026-07-02,SZSE,159228,红利低波ETF长城,11421.26
2026-07-02,SZSE,159229,自由现金流ETF广发,15205.60
2026-07-02,SZSE,159230,通用航空ETF华夏,30830.42
2026-07-02,SZSE,159231,通用航空ETF华宝,31109.18
2026-07-02,SZSE,159232,自由现金流ETF南方,216894.85
2026-07-02,SZSE,159233,自由现金流ETF平安,47062.34
2026-07-02,SZSE,159235,中证现金流ETF大成,203172.95
2026-07-02,SZSE,159236,自由现金流ETF工银,4372.21
2026-07-02,SZSE,159237,港股汽车ETF工银,2833.42
2026-07-02,SZSE,159238,沪深300增强ETF景顺,3801.61
2026-07-02,SZSE,159239,港股通汽车ETF富国,7828.07
2026-07-02,SZSE,159240,A500增强ETF天弘,1761.97
2026-07-02,SZSE,159241,航空航天ETF天弘,106607.42
2026-07-02,SZSE,159242,创业板人工智能ETF大成,57827.85
2026-07-02,SZSE,159243,创业板人工智能ETF招商,14003.02
2026-07-02,SZSE,159245,港股通消费ETF富国,7611.32
2026-07-02,SZSE,159246,创业板人工智能ETF富国,346965.56
2026-07-02,SZSE,159247,创业板ETF汇添富,21398.49
2026-07-02,SZSE,159248,人工智能ETF万家,11709.56
2026-07-02,SZSE,159249,A500增强ETF工银,9319.19
2026-07-02,SZSE,159251,港股通科技ETF万家,24778.77
2026-07-02,SZSE,159253,银行ETF博时,62180.49
2026-07-02,SZSE,159255,通用航空ETF易方达,6933.88
2026-07-02,SZSE,159256,创业板软件ETF华夏,43718.37
2026-07-02,SZSE,159257,航空ETF汇添富,14241.69
2026-07-02,SZSE,159258,机器人ETF南方,116526.56
2026-07-02,SZSE,159259,成长ETF易方达,346769.64
2026-07-02,SZSE,159260,证券ETF博时,108121.35
2026-07-02,SZSE,159261,创业板新能源ETF鹏华,4781.49
2026-07-02,SZSE,159262,港股通科技ETF广发,772472.04
2026-07-02,SZSE,159263,价值ETF易方达,486810.51
2026-07-02,SZSE,159265,港股消费ETF鹏华,20195.08
2026-07-02,SZSE,159266,港股央企红利ETF永赢,38871.00
2026-07-02,SZSE,159267,航天ETF华安,238350.61
2026-07-02,SZSE,159268,港股通消费ETF汇添富,43905.50
2026-07-02,SZSE,159269,港股通科技ETF南方,205931.17
2026-07-02,SZSE,159270,创业板200ETF南方,8876.36
2026-07-02,SZSE,159271,恒生ETF鹏华,32238.67
2026-07-02,SZSE,159272,机器人ETF富国,207816.46
2026-07-02,SZSE,159273,云计算ETF汇添富,68577.75
2026-07-02,SZSE,159275,农牧渔ETF华宝,24530.29
2026-07-02,SZSE,159276,现金流ETF汇添富,36169.66
2026-07-02,SZSE,159277,港股通红利ETF富国,4355.70
2026-07-02,SZSE,159278,机器人ETF鹏华,133154.58
2026-07-02,SZSE,159279,创业板人工智能ETF华安,13538.75
2026-07-02,SZSE,159280,港股通互联网ETF汇添富,10171.71
2026-07-02,SZSE,159281,港股央企红利ETF天弘,29823.30
2026-07-02,SZSE,159283,通用航空ETF南方,27643.79
2026-07-02,SZSE,159285,港股通消费ETF华安,26048.66
2026-07-02,SZSE,159286,港股通创新药ETF鹏华,79878.54
2026-07-02,SZSE,159287,创业板综ETF博时,9356.87
2026-07-02,SZSE,159288,创业板综ETF银华,8417.49
2026-07-02,SZSE,159289,创业板综指ETF鹏华,2890.26
2026-07-02,SZSE,159290,创业板综指增强ETF东财,3910.03
2026-07-02,SZSE,159291,创业板综增强ETF招商,1745.73
2026-07-02,SZSE,159292,创业板综增强ETF华宝,18718.95
2026-07-02,SZSE,159293,创业板综增强ETF建信,2115.93
2026-07-02,SZSE,159295,创业综指ETF西部利得,6495.82
2026-07-02,SZSE,159296,A500红利低波ETF华宝,4504.29
2026-07-02,SZSE,159297,港股通创新药ETF南方,321741.86
2026-07-02,SZSE,159298,创业板50ETF大成,12628.10
2026-07-02,SZSE,159299,金融科技ETF易方达,69347.29
2026-07-02,SZSE,159300,沪深300ETF富国,17735.80
2026-07-02,SZSE,159301,公用事业ETF华夏,11545.83
2026-07-02,SZSE,159302,港股高股息ETF银华,5729.76
2026-07-02,SZSE,159303,恒生医疗ETF大成,11999.16
2026-07-02,SZSE,159305,储能电池ETF广发,111164.03
2026-07-02,SZSE,159306,汽车零部件ETF平安,2024.46
2026-07-02,SZSE,159307,红利低波100ETF博时,743090.35
2026-07-02,SZSE,159309,油气ETF汇添富,65337.17
2026-07-02,SZSE,159310,芯片ETF天弘,46498.10
2026-07-02,SZSE,159311,数字经济ETF易方达,3538.39
2026-07-02,SZSE,159312,恒指港股通ETF广发,4022.43
2026-07-02,SZSE,159315,黄金股ETF工银,19858.96
2026-07-02,SZSE,159316,港股通创新药ETF易方达,407433.61
2026-07-02,SZSE,159318,恒指港股通ETF银华,1760.16
2026-07-02,SZSE,159320,电网设备ETF广发,41474.51
2026-07-02,SZSE,159321,黄金股ETF华安,37890.03
2026-07-02,SZSE,159322,黄金股ETF平安,12141.16
2026-07-02,SZSE,159323,港股通汽车ETF华夏,9909.73
2026-07-02,SZSE,159325,半导体ETF南方,57646.05
2026-07-02,SZSE,159326,电网设备ETF华夏,1138226.55
2026-07-02,SZSE,159327,半导体设备ETF万家,56552.46
2026-07-02,SZSE,159328,家电ETF易方达,11455.67
2026-07-02,SZSE,159329,沙特ETF南方,124718.91
2026-07-02,SZSE,159330,沪深300ETF东财,32980.10
2026-07-02,SZSE,159331,红利港股ETF国泰,15769.41
2026-07-02,SZSE,159332,央企红利ETF富国,7902.14
2026-07-02,SZSE,159333,港股央企红利ETF万家,21595.28
2026-07-02,SZSE,159335,央企科创ETF融通,5828.36
2026-07-02,SZSE,159336,央企红利ETF融通,38490.50
2026-07-02,SZSE,159337,中证500ETF东财,23371.06
2026-07-02,SZSE,159338,中证A500ETF国泰,1829308.66
2026-07-02,SZSE,159339,A500ETF银华,174208.68
2026-07-02,SZSE,159350,深证50ETF富国,11800.96
2026-07-02,SZSE,159351,A500ETF嘉实,600812.33
2026-07-02,SZSE,159352,A500ETF南方,2145010.17
2026-07-02,SZSE,159353,中证A500ETF景顺,286716.18
2026-07-02,SZSE,159355,800红利低波ETF华宝,9723.42
2026-07-02,SZSE,159356,A500ETF万家,68312.06
2026-07-02,SZSE,159357,A500ETF博时,116283.38
2026-07-02,SZSE,159358,中证A500ETF大成,57810.64
2026-07-02,SZSE,159359,A500ETF华安,67114.04
2026-07-02,SZSE,159360,A500ETF天弘,112418.45
2026-07-02,SZSE,159361,A500ETF易方达,1925009.02
2026-07-02,SZSE,159362,A500ETF工银,132518.01
2026-07-02,SZSE,159363,创业板人工智能ETF华宝,518216.99
2026-07-02,SZSE,159365,恒指港股通ETF富国,5416.23
2026-07-02,SZSE,159366,港股医疗ETF永赢,20233.30
2026-07-02,SZSE,159367,创业板50ETF华夏,10807.90
2026-07-02,SZSE,159368,创业板新能源ETF华夏,58328.98
2026-07-02,SZSE,159369,创业板50ETF易方达,29175.34
2026-07-02,SZSE,159370,创50ETF工银,15031.60
2026-07-02,SZSE,159371,创业板50ETF富国,14622.11
