date,exchange,code,name,total_shares_wanfen
2026-08-03,SSE,510010,治理ETF,13052.44
2026-08-03,SSE,510020,超大ETF,3684.8
2026-08-03,SSE,510030,价值ETF,15472.98
2026-08-03,SSE,510040,上证180E,3248
2026-08-03,SSE,510050,50ETF,767766.68
2026-08-03,SSE,510060,央企ETF,3495.92
2026-08-03,SSE,510090,ESG建信,2708.11
2026-08-03,SSE,510100,SZ50ETF,103640.68
2026-08-03,SSE,510130,中盘ETF,3148.51
2026-08-03,SSE,510140,上证指,13123.05
2026-08-03,SSE,510150,消费ETF,306717.86
2026-08-03,SSE,510160,产业升级,19205.74
2026-08-03,SSE,510170,商品ETF,33891.48
2026-08-03,SSE,510180,180ETF,442905.77
2026-08-03,SSE,510190,上证50基,2365.08
2026-08-03,SSE,510200,上证券商,15388.55
2026-08-03,SSE,510210,综指ETF,2043219.26
2026-08-03,SSE,510230,金融ETF,62680.8
2026-08-03,SSE,510270,国企ETF,1683.21
2026-08-03,SSE,510290,380ETF,5644.89
2026-08-03,SSE,510300,300ETF,2705808.77
2026-08-03,SSE,510310,HS300ETF,1179604.4
2026-08-03,SSE,510320,300中金,63406.85
2026-08-03,SSE,510330,华夏300,878514.98
2026-08-03,SSE,510350,工银300,68411.47
2026-08-03,SSE,510360,广发300,190738.12
2026-08-03,SSE,510370,兴业300,8725.81
2026-08-03,SSE,510380,国寿300,148880.24
2026-08-03,SSE,510390,平安300,12665
2026-08-03,SSE,510410,资源ETF,42725.84
2026-08-03,SSE,510500,500ETF,631176.86
2026-08-03,SSE,510510,广发500,97103.83
2026-08-03,SSE,510530,工银500,4897.94
2026-08-03,SSE,510550,方正500,2374.33
2026-08-03,SSE,510560,国寿500,6031.87
2026-08-03,SSE,510570,兴业500,3556.06
2026-08-03,SSE,510580,ZZ500ETF,116376.83
2026-08-03,SSE,510590,平安500,11558.61
2026-08-03,SSE,510600,沪50ETF,1361.51
2026-08-03,SSE,510630,消费30,63736.15
2026-08-03,SSE,510650,金融行业,1145.25
2026-08-03,SSE,510660,医药行业,5887.97
2026-08-03,SSE,510670,180指,19049.3
2026-08-03,SSE,510680,万家50,2112.47
2026-08-03,SSE,510710,上50ETF,10611.89
2026-08-03,SSE,510720,红利国泰,233876.6
2026-08-03,SSE,510760,上证ETF,437650.37
2026-08-03,SSE,510770,G60创新,2161.07
2026-08-03,SSE,510800,上证50,18057.6
2026-08-03,SSE,510810,上海国企,596929.37
2026-08-03,SSE,510850,工银上50,5569.89
2026-08-03,SSE,510880,红利ETF,687667.57
2026-08-03,SSE,510900,恒生中国,344402.19
2026-08-03,SSE,510910,上证指CS,34279.6
2026-08-03,SSE,510950,上证广发,15232.08
2026-08-03,SSE,510980,上证综合,116979.8
2026-08-03,SSE,510990,ESG180,3894.86
2026-08-03,SSE,511010,国债ETF,4229.63
2026-08-03,SSE,511020,活跃国债,3468.75
2026-08-03,SSE,511030,公司债,38812.07
2026-08-03,SSE,511060,5年地债,1913.63
2026-08-03,SSE,511070,沪公司债,27272.1
2026-08-03,SSE,511090,30年国债,27416.81
2026-08-03,SSE,511100,基准国债,11063.05
2026-08-03,SSE,511110,公司债易,28679.96
2026-08-03,SSE,511120,科创债基,11762.06
2026-08-03,SSE,511130,国债30年,15872.97
2026-08-03,SSE,511150,科债永赢,11093.09
2026-08-03,SSE,511160,国债东财,2304.09
2026-08-03,SSE,511180,上证转债,93635.97
2026-08-03,SSE,511190,信用债,12911.43
2026-08-03,SSE,511200,信用债基,21302.75
2026-08-03,SSE,511220,城投ETF,528818.14
2026-08-03,SSE,511260,十年国债,15072.65
2026-08-03,SSE,511270,10年地债,8294.75
2026-08-03,SSE,511360,短融ETF,75068.06
2026-08-03,SSE,511380,转债ETF,462618.67
2026-08-03,SSE,511520,政金债,36865.65
2026-08-03,SSE,511580,国债政金,7086.08
2026-08-03,SSE,512000,券商ETF,7571223.54
2026-08-03,SSE,512010,医药ETF,4579569.49
2026-08-03,SSE,512020,A500,111201.27
2026-08-03,SSE,512030,A50增,4924
2026-08-03,SSE,512040,国信价值,406171.59
2026-08-03,SSE,512050,A500E,1723999.22
2026-08-03,SSE,512060,A100指基,1092.8
2026-08-03,SSE,512070,证券保险,1894347.97
2026-08-03,SSE,512080,A500中金,63818.61
2026-08-03,SSE,512090,MSCI易基,36359.23
2026-08-03,SSE,512100,1000ETF,1174121.76
2026-08-03,SSE,512120,医药50,83624.19
2026-08-03,SSE,512130,现金全指,1489.5
2026-08-03,SSE,512140,电力事业,16104.9
2026-08-03,SSE,512150,A50ETF,1807.34
2026-08-03,SSE,512160,MSCI基金,12377.78
2026-08-03,SSE,512170,医疗ETF,7912682.05
2026-08-03,SSE,512180,建信MSCI,4804.8
2026-08-03,SSE,512190,之江凤凰,18121.84
2026-08-03,SSE,512200,地产ETF,279484.79
2026-08-03,SSE,512220,TMTETF,20396.76
2026-08-03,SSE,512240,A50龙头,2018.6
2026-08-03,SSE,512250,A50指数E,12560.01
2026-08-03,SSE,512260,500低波,2129.77
2026-08-03,SSE,512290,生物医药,359282.07
2026-08-03,SSE,512330,信息ETF,36118.8
2026-08-03,SSE,512360,MSCI国际,2733.77
2026-08-03,SSE,512370,A500增指,32331.3
2026-08-03,SSE,512380,MSCI中国,7580.56
2026-08-03,SSE,512390,MSCI低波,1568.2
2026-08-03,SSE,512400,有色ETF,1292253.9
2026-08-03,SSE,512410,银行广发,8997.17
2026-08-03,SSE,512430,家电家居,3072
2026-08-03,SSE,512450,广发养殖,11336.7
2026-08-03,SSE,512460,电池主题,30582.3
2026-08-03,SSE,512480,半导体,2029800.72
2026-08-03,SSE,512500,中证500,198880.88
2026-08-03,SSE,512510,ETF500,44392.98
2026-08-03,SSE,512520,MSCIETF,4505.64
2026-08-03,SSE,512530,300红利,10150.2
2026-08-03,SSE,512550,A50基金,11190.6
2026-08-03,SSE,512560,中证军工,102812.7
2026-08-03,SSE,512570,中证证券,403380.61
2026-08-03,SSE,512580,环保ETF,57387.17
2026-08-03,SSE,512600,必选消费,172205.61
2026-08-03,SSE,512620,农业TH,143066.6
2026-08-03,SSE,512630,卫星基金,184842.6
2026-08-03,SSE,512640,金融地产,2174.09
2026-08-03,SSE,512650,长三角,3494.16
2026-08-03,SSE,512660,军工ETF,591508
2026-08-03,SSE,512670,国防ETF,227865.26
2026-08-03,SSE,512680,军工基金,318253.01
2026-08-03,SSE,512690,酒ETF,3287995.02
2026-08-03,SSE,512700,银行基金,74108.1
2026-08-03,SSE,512710,军工龙头,1195265.84
2026-08-03,SSE,512720,计算机,37945.34
2026-08-03,SSE,512730,银行FUND,6458.39
2026-08-03,SSE,512750,基本面50,4745.49
2026-08-03,SSE,512760,芯片ETF,980944.55
2026-08-03,SSE,512770,战略新兴,9826.78
2026-08-03,SSE,512800,银行ETF,1296507.99
2026-08-03,SSE,512810,国防军工,104558.35
2026-08-03,SSE,512820,银行股基,39940.19
2026-08-03,SSE,512870,杭州湾区,2041.06
2026-08-03,SSE,512880,证券ETF,5702929.15
2026-08-03,SSE,512890,红利低波,2884511.08
2026-08-03,SSE,512900,证券基金,750340.6
2026-08-03,SSE,512910,100ETF,13262.88
2026-08-03,SSE,512930,AIETF,483252.13
2026-08-03,SSE,512940,有色矿业,218370.5
2026-08-03,SSE,512950,央企改革,405455.1
2026-08-03,SSE,512960,央调ETF,385725.73
2026-08-03,SSE,512970,湾区ETF,698.76
2026-08-03,SSE,512980,传媒ETF,485992.44
2026-08-03,SSE,512990,MSCIA股,10101.54
2026-08-03,SSE,513000,225ETF,99291.14
2026-08-03,SSE,513010,港股科技,4443030.7
2026-08-03,SSE,513020,科技HK,244914.54
2026-08-03,SSE,513030,德国ETF,99727.9
2026-08-03,SSE,513040,HK互联网,695184.13
2026-08-03,SSE,513050,中概互联,3372543.27
2026-08-03,SSE,513060,恒生医疗,1080289.33
2026-08-03,SSE,513070,HK消费50,131476.08
2026-08-03,SSE,513080,法国ETF,64241.6
2026-08-03,SSE,513090,香港证券,1016798.8
2026-08-03,SSE,513100,纳指ETF,946511.06
2026-08-03,SSE,513110,纳指100,218143.5
2026-08-03,SSE,513120,HK创新药,2250663.54
2026-08-03,SSE,513130,恒生科技,5729334.7
2026-08-03,SSE,513140,港股金融,8236.8
2026-08-03,SSE,513150,港科技50,10505.98
2026-08-03,SSE,513160,科技30,342618.93
2026-08-03,SSE,513170,恒生央企,20257.3
2026-08-03,SSE,513180,恒指科技,6982875.95
2026-08-03,SSE,513190,H股金融,109693.6
2026-08-03,SSE,513200,港股医药,92928.21
2026-08-03,SSE,513210,恒生E,4494.2
2026-08-03,SSE,513220,互联网30,50210.94
2026-08-03,SSE,513230,H股消费,32142.27
2026-08-03,SSE,513240,港信息,13149.6
2026-08-03,SSE,513260,恒科技,483324.3
2026-08-03,SSE,513280,恒生生物,39411.45
2026-08-03,SSE,513290,纳指生物,102507.21
2026-08-03,SSE,513300,纳斯达克,525817.1
2026-08-03,SSE,513310,中韩芯片,236742.7
2026-08-03,SSE,513320,HK新经济,8901.06
2026-08-03,SSE,513330,恒生互联,6803748
2026-08-03,SSE,513350,油气ETF,82374.6
2026-08-03,SSE,513360,教育ETF,68521.39
2026-08-03,SSE,513380,科技恒生,1803778.49
2026-08-03,SSE,513390,纳指基金,207837.91
2026-08-03,SSE,513400,道琼斯,251206.2
2026-08-03,SSE,513500,标普500,1010763.86
2026-08-03,SSE,513520,日经ETF,106738.72
2026-08-03,SSE,513530,港股红利,270043.87
2026-08-03,SSE,513550,港股通50,167299.2
2026-08-03,SSE,513560,香港科技,54538.6
2026-08-03,SSE,513580,HS科技,607111.8
2026-08-03,SSE,513590,香港消费,14011.89
2026-08-03,SSE,513600,恒指ETF,65082.95
2026-08-03,SSE,513620,港医疗指,11121.6
2026-08-03,SSE,513630,香港红利,782235.9
2026-08-03,SSE,513650,标普ETF,432373.4
2026-08-03,SSE,513660,恒生通,205800.02
2026-08-03,SSE,513690,恒生股息,369597.99
2026-08-03,SSE,513700,香港医药,83684.6
2026-08-03,SSE,513720,香港互联,25185.9
2026-08-03,SSE,513730,东南亚,82335.5
2026-08-03,SSE,513750,港股非银,969033.8
2026-08-03,SSE,513770,港股互联,1505713.79
2026-08-03,SSE,513780,港股新药,185015.7
2026-08-03,SSE,513800,东证ETF,100944.44
2026-08-03,SSE,513810,港股国企,4199.2
2026-08-03,SSE,513820,港股分红,183516.9
2026-08-03,SSE,513830,红利港股,5531.1
2026-08-03,SSE,513850,美国50,122389.26
2026-08-03,SSE,513860,HKC科技,344347.06
2026-08-03,SSE,513870,纳指指数,135667.1
2026-08-03,SSE,513880,日经225,129397
2026-08-03,SSE,513890,HK科技,90112.8
2026-08-03,SSE,513900,港股100,10097.8
2026-08-03,SSE,513910,红利央企,214227.6
2026-08-03,SSE,513920,央企40,271823.1
2026-08-03,SSE,513930,香港生科,9840.8
2026-08-03,SSE,513950,恒生红利,252861.9
2026-08-03,SSE,513970,恒生消费,147004.1
2026-08-03,SSE,513980,科技港股,1881520.4
2026-08-03,SSE,513990,港股通综,5100
2026-08-03,SSE,515000,科技ETF,318057.93
2026-08-03,SSE,515010,华夏证券,210727.16
2026-08-03,SSE,515020,银行指数,43084.53
2026-08-03,SSE,515030,新汽车,158938.4
2026-08-03,SSE,515040,工业金属,7731.96
2026-08-03,SSE,515050,5GETF,1796720.54
2026-08-03,SSE,515060,华夏地产,95247.81
2026-08-03,SSE,515070,AI智能,735094.04
2026-08-03,SSE,515080,中证红利,772414.89
2026-08-03,SSE,515090,可持续,1080.17
2026-08-03,SSE,515100,红利100,411494.15
2026-08-03,SSE,515110,国企方达,21729.5
2026-08-03,SSE,515120,创新药,1919199.36
2026-08-03,SSE,515130,HS300E,10646.32
2026-08-03,SSE,515150,国企富国,39770.32
2026-08-03,SSE,515160,MSCI招商,24595.51
2026-08-03,SSE,515170,食品饮料,891475.79
2026-08-03,SSE,515180,100红利,1353363.7
2026-08-03,SSE,515190,BOCI500,29146.61
2026-08-03,SSE,515200,创新100,3994.32
2026-08-03,SSE,515210,钢铁ETF,105372.61
2026-08-03,SSE,515220,煤炭ETF,1160467.69
2026-08-03,SSE,515230,软件ETF,756669.09
2026-08-03,SSE,515250,智能汽车,34594.45
2026-08-03,SSE,515260,电子ETF,88256.84
2026-08-03,SSE,515290,银行,283937.29
2026-08-03,SSE,515300,红利300,378017.52
2026-08-03,SSE,515310,添富300,38811.12
2026-08-03,SSE,515320,电子50,8230.9
2026-08-03,SSE,515330,天弘300,658170.95
2026-08-03,SSE,515350,民生300,1259.92
2026-08-03,SSE,515360,方正300,3827.93
2026-08-03,SSE,515370,中证光伏,96371.3
2026-08-03,SSE,515380,泰康300,67059.98
2026-08-03,SSE,515390,HS300,177468.3
2026-08-03,SSE,515400,大数据,180363.14
2026-08-03,SSE,515450,红利50,1370833.5
2026-08-03,SSE,515460,质量红利,28609.1
2026-08-03,SSE,515480,红利一百,2834.07
2026-08-03,SSE,515530,泰康500,1304.27
2026-08-03,SSE,515550,国联500,2134.57
2026-08-03,SSE,515560,证券E,19288.33
2026-08-03,SSE,515580,中证科技,30803.14
2026-08-03,SSE,515590,500ETFEW,3611.37
2026-08-03,SSE,515600,央企创新,103779.74
2026-08-03,SSE,515630,保险证券,107621.77
2026-08-03,SSE,515640,家电指数,1705
2026-08-03,SSE,515650,消费50,328718.4
2026-08-03,SSE,515660,沪深300E,43449.42
2026-08-03,SSE,515680,创新央企,110326.47
2026-08-03,SSE,515700,新能车,71651.02
2026-08-03,SSE,515710,食品ETF,236359.98
2026-08-03,SSE,515720,金科富国,42061.1
2026-08-03,SSE,515730,家居家电,3889.2
2026-08-03,SSE,515750,科技50,27014.05
2026-08-03,SSE,515760,浙江国资,9588.81
2026-08-03,SSE,515770,MSCIAETF,3972.73
2026-08-03,SSE,515790,光伏ETF,610349.4
2026-08-03,SSE,515800,800ETF,408793.72
2026-08-03,SSE,515810,ZZ800ETF,28790.88
2026-08-03,SSE,515840,食品南方,6642.64
2026-08-03,SSE,515850,证券龙头,42629.1
2026-08-03,SSE,515860,科技100,10287.89
2026-08-03,SSE,515880,通信ETF,6532977.4
2026-08-03,SSE,515890,红利博时,34344.39
2026-08-03,SSE,515900,央创ETF,224044.65
2026-08-03,SSE,515910,质量ETF,22750.7
2026-08-03,SSE,515920,智能消费,6140.57
2026-08-03,SSE,515950,医药龙头,58620.06
2026-08-03,SSE,515960,医药100,25499.19
2026-08-03,SSE,515970,华夏机械,70708.8
2026-08-03,SSE,515980,人工智能,608312.9
2026-08-03,SSE,515990,添富国企,5335.02
2026-08-03,SSE,516000,数据ETF,51885.5
2026-08-03,SSE,516010,游戏ETF,247369.3
2026-08-03,SSE,516020,化工ETF,400432.62
2026-08-03,SSE,516050,科技龙头,16322.8
2026-08-03,SSE,516060,新药ETF,32823.74
2026-08-03,SSE,516070,碳中和50,29764.6
2026-08-03,SSE,516080,创新医药,518455.48
2026-08-03,SSE,516090,新能源E,173884.48
2026-08-03,SSE,516100,科技金融,112275.97
2026-08-03,SSE,516110,汽车ETF,27562.31
2026-08-03,SSE,516120,化工50,533808.2
2026-08-03,SSE,516130,消费龙头,154889
2026-08-03,SSE,516150,稀土基金,371157.7
2026-08-03,SSE,516160,新能源,153964.2
2026-08-03,SSE,516180,光伏产业,15498.7
2026-08-03,SSE,516190,文娱ETF,12481.85
2026-08-03,SSE,516200,证券行业,43960.4
2026-08-03,SSE,516210,银行股,8353.1
2026-08-03,SSE,516220,化工龙头,27417
2026-08-03,SSE,516230,光伏招商,72892.1
2026-08-03,SSE,516250,富国机械,11787.8
2026-08-03,SSE,516260,物联网50,4788.26
2026-08-03,SSE,516270,新能源50,28790.9
2026-08-03,SSE,516290,光伏基金,75319.69
2026-08-03,SSE,516300,中证1000,5101.26
2026-08-03,SSE,516310,银行指基,179995.85
2026-08-03,SSE,516320,装备ETF,8958.93
2026-08-03,SSE,516330,物联网,727.13
2026-08-03,SSE,516350,芯片50,141441.53
2026-08-03,SSE,516360,新材料,6055.18
2026-08-03,SSE,516370,全指电力,30840.8
2026-08-03,SSE,516380,智能电车,8144.93
2026-08-03,SSE,516390,电动车,19026.1
2026-08-03,SSE,516440,南方机械,15212.66
2026-08-03,SSE,516460,现金流E,44069.3
2026-08-03,SSE,516500,生物ETF,25993.72
2026-08-03,SSE,516510,云计算,152989
2026-08-03,SSE,516520,智能驾驶,81576.55
2026-08-03,SSE,516530,物流快递,1780.23
2026-08-03,SSE,516550,农业ETF,24641.44
2026-08-03,SSE,516560,养老ETF,21375.8
2026-08-03,SSE,516570,石化ETF,115935.76
2026-08-03,SSE,516580,新能源BS,14612.41
2026-08-03,SSE,516590,电动汽车,5201.5
2026-08-03,SSE,516600,消服ETF,11333.21
2026-08-03,SSE,516610,医服ETF,25097.48
2026-08-03,SSE,516620,影视ETF,19176.75
2026-08-03,SSE,516630,云计算50,52515.6
2026-08-03,SSE,516640,芯片龙头,140248.28
2026-08-03,SSE,516650,有色50,525546.48
2026-08-03,SSE,516660,新能汽车,15768.9
2026-08-03,SSE,516670,畜牧养殖,332226.63
2026-08-03,SSE,516700,数据产业,20412.2
2026-08-03,SSE,516710,新材料50,8027.2
2026-08-03,SSE,516720,ESGETF,1233.78
2026-08-03,SSE,516730,证券公司,23938.08
2026-08-03,SSE,516750,建材ETF,15116.73
2026-08-03,SSE,516760,养殖ETF,31321.51
2026-08-03,SSE,516770,游戏动漫,39004.8
2026-08-03,SSE,516780,稀土ETF,225059.97
2026-08-03,SSE,516790,保健ETF,19828.22
2026-08-03,SSE,516800,智能制造,19030.8
2026-08-03,SSE,516810,农业,52647.89
2026-08-03,SSE,516820,医疗创新,508641.52
2026-08-03,SSE,516830,300ESG,8717.69
2026-08-03,SSE,516840,汽车基金,13727.7
2026-08-03,SSE,516850,新能源80,14723.7
2026-08-03,SSE,516860,金融科技,120452.2
2026-08-03,SSE,516880,光伏50,93794.41
2026-08-03,SSE,516890,新材ETF,3531.14
2026-08-03,SSE,516900,食品50,29222.9
2026-08-03,SSE,516910,物流ETF,7814.18
2026-08-03,SSE,516920,芯片基金,49196.3
2026-08-03,SSE,516930,生科ETF,11063.96
2026-08-03,SSE,516950,基建ETF,11182.1
2026-08-03,SSE,516960,机械ETF,1505.11
2026-08-03,SSE,516970,基建50,117404.25
2026-08-03,SSE,516980,证券先锋,6101.6
2026-08-03,SSE,517000,沪港深,12779.3
2026-08-03,SSE,517010,HGS500E,9314.42
2026-08-03,SSE,517030,HGS300,9304.03
2026-08-03,SSE,517050,互联网50,34760.5
2026-08-03,SSE,517080,HGS500,18116.6
2026-08-03,SSE,517090,共赢ETF,5707.5
2026-08-03,SSE,517100,AH500ETF,14810.21
2026-08-03,SSE,517110,创新药HK,151309.85
2026-08-03,SSE,517120,创新药50,65696.64
2026-08-03,SSE,517130,云计算JS,20115.4
2026-08-03,SSE,517160,长江ETF,182877.75
2026-08-03,SSE,517170,沪港深E,1613.18
2026-08-03,SSE,517180,中国国企,10749.63
2026-08-03,SSE,517200,互联网,14078.2
2026-08-03,SSE,517300,AH300ETF,127843.45
2026-08-03,SSE,517330,长江保护,180816.9
2026-08-03,SSE,517350,龙头科技,4904.2
2026-08-03,SSE,517360,AH科技,2658.3
2026-08-03,SSE,517380,创新药AH,286432.63
2026-08-03,SSE,517390,云计算AH,13611.26
2026-08-03,SSE,517400,黄金股票,95479.2
2026-08-03,SSE,517520,黄金股,699490.4
2026-08-03,SSE,517550,消费主题,8491.74
2026-08-03,SSE,517660,物联网AH,4228.07
2026-08-03,SSE,517770,游戏传媒,16994.78
2026-08-03,SSE,517800,AI50,21653.97
2026-08-03,SSE,517850,张江ETF,3818.52
2026-08-03,SSE,517880,品牌消费,5333.71
2026-08-03,SSE,517900,银行优选,43999.35
2026-08-03,SSE,517950,交银科技,5162.32
2026-08-03,SSE,517990,医药基金,4998.79
2026-08-03,SSE,518600,上海金,73111.63
2026-08-03,SSE,518660,工银黄金,94935.27
2026-08-03,SSE,518680,金ETF,79876.95
2026-08-03,SSE,518800,黄金基金,361137.92
2026-08-03,SSE,518850,黄金9999,178867.87
2026-08-03,SSE,518860,上海金E,47265.98
2026-08-03,SSE,518880,黄金ETF,1097584.08
2026-08-03,SSE,518890,中银黄金,39265.48
2026-08-03,SSE,520500,恒生新药,233580.5
2026-08-03,SSE,520510,港股医疗,20872.8
2026-08-03,SSE,520520,HK消费,5460.6
2026-08-03,SSE,520530,港科ETF,24377.6
2026-08-03,SSE,520550,红利恒生,114202.4
2026-08-03,SSE,520560,香港30,64041.9
2026-08-03,SSE,520570,科技恒指,341587.6
2026-08-03,SSE,520580,新兴亚洲,29098.39
2026-08-03,SSE,520590,恒科,21123.5
2026-08-03,SSE,520600,汽车港股,32986.8
2026-08-03,SSE,520610,港红利指,27596.3
2026-08-03,SSE,520620,港股消费,30640.9
2026-08-03,SSE,520630,互联港股,57561
2026-08-03,SSE,520650,互联网HK,229275.5
2026-08-03,SSE,520660,港红利CS,247548.55
2026-08-03,SSE,520670,港科基金,21892.81
2026-08-03,SSE,520680,港股通车,6636.9
2026-08-03,SSE,520690,恒生港药,69645.4
2026-08-03,SSE,520700,创新药WJ,47707.6
2026-08-03,SSE,520710,信息港股,11702.9
2026-08-03,SSE,520720,香港汽车,12494.2
2026-08-03,SSE,520730,汽车WJ,12239.44
2026-08-03,SSE,520750,HK信息,14238.4
2026-08-03,SSE,520760,港股生物,18846.6
2026-08-03,SSE,520770,港股恒指,21437.38
2026-08-03,SSE,520780,港股车50,3946
2026-08-03,SSE,520790,港互联网,45107.5
2026-08-03,SSE,520810,港高股息,28436
2026-08-03,SSE,520820,恒指通,6368.2
2026-08-03,SSE,520830,沙特ETF,118811.9
2026-08-03,SSE,520840,港科技,114554.9
2026-08-03,SSE,520850,港医疗,13924.96
2026-08-03,SSE,520860,港股通科,34619.5
2026-08-03,SSE,520870,巴西ETF,50297.72
2026-08-03,SSE,520880,港创新药,514561.8
2026-08-03,SSE,520890,港红利,7600.8
2026-08-03,SSE,520900,红利香港,158917.5
2026-08-03,SSE,520910,HK互联,75144.5
2026-08-03,SSE,520920,恒生科TH,1880401.9
2026-08-03,SSE,520930,恒生生科,20073.3
2026-08-03,SSE,520940,恒指基金,2229.7
2026-08-03,SSE,520950,港股50,33242.1
2026-08-03,SSE,520960,恒指港通,6060.34
2026-08-03,SSE,520970,港股通药,129635.8
2026-08-03,SSE,520980,港科技30,334638.7
2026-08-03,SSE,520990,国新红利,367547.05
2026-08-03,SSE,526000,港股信息,18014.2
2026-08-03,SSE,526010,香港医疗,7545.8
2026-08-03,SSE,526030,港信息基,17546.5
2026-08-03,SSE,526050,香港信息,6463
2026-08-03,SSE,526070,恒生博时,6137.7
2026-08-03,SSE,530000,50ETF基,100802.94
2026-08-03,SSE,530050,SH50ETF,14081.3
2026-08-03,SSE,530060,上证综E,83119.3
2026-08-03,SSE,530080,180指基,3091.7
2026-08-03,SSE,530100,上证580,12469.6
2026-08-03,SSE,530180,上证180,6795.2
2026-08-03,SSE,530280,180ETF指,2993.4
2026-08-03,SSE,530300,180指数,3564.3
2026-08-03,SSE,530380,上证380,13870.5
2026-08-03,SSE,530530,580ETF,13446
2026-08-03,SSE,530580,180基金,6514.9
2026-08-03,SSE,530680,180E,12289.19
2026-08-03,SSE,530800,上180ETF,1820.18
2026-08-03,SSE,530880,上证红利,4133.6
2026-08-03,SSE,551000,科创债,8058.61
2026-08-03,SSE,551030,科创债券,18085
2026-08-03,SSE,551060,科创债沪,5744.1
2026-08-03,SSE,551300,科创债摩,5033.75
2026-08-03,SSE,551500,科创债易,10937
2026-08-03,SSE,551510,科债AAA,13808.61
2026-08-03,SSE,551520,科创债汇,20879.16
2026-08-03,SSE,551550,科创AAA,17403.82
2026-08-03,SSE,551560,科创债兴,17114.88
2026-08-03,SSE,551580,科创债TK,10602.68
2026-08-03,SSE,551800,国泰科债,11725.14
2026-08-03,SSE,551900,科创债指,14173.17
2026-08-03,SSE,560010,1000基金,263862.17
2026-08-03,SSE,560020,红利添富,13856.2
2026-08-03,SSE,560030,800价值,2443.2
2026-08-03,SSE,560050,MSCIA50,245243.44
2026-08-03,SSE,560060,碳中和基,7609
2026-08-03,SSE,560070,央企分红,8536.23
2026-08-03,SSE,560080,中药ETF,254976.5
2026-08-03,SSE,560090,证券指数,233936.5
2026-08-03,SSE,560100,增强ETF,6558.03
2026-08-03,SSE,560110,ZZ1000,36490.35
2026-08-03,SSE,560120,500现金,58668.9
2026-08-03,SSE,560130,食品基金,7077.62
2026-08-03,SSE,560150,红利TK,68227.93
2026-08-03,SSE,560160,食品E,12270.6
2026-08-03,SSE,560170,央企科技,38349.55
2026-08-03,SSE,560180,ESG300,1560.3
2026-08-03,SSE,560190,公用事业,1933.4
2026-08-03,SSE,560210,景顺农牧,53152.2
2026-08-03,SSE,560220,2000基金,6671.7
2026-08-03,SSE,560230,光伏富国,9188.9
2026-08-03,SSE,560250,红利质量,22933.3
2026-08-03,SSE,560260,医疗50,185566.47
2026-08-03,SSE,560270,电力指数,17243.9
2026-08-03,SSE,560280,工程机械,208975.2
2026-08-03,SSE,560290,景顺有色,39369.4
2026-08-03,SSE,560300,电信50,2680.34
2026-08-03,SSE,560310,光伏博时,18212.2
2026-08-03,SSE,560320,食品富国,13733.2
2026-08-03,SSE,560330,300价值E,1713
2026-08-03,SSE,560350,A50指数,86553.21
2026-08-03,SSE,560360,软件指数,21434.5
2026-08-03,SSE,560370,全指红利,11858.4
2026-08-03,SSE,560380,A100,14486.1
2026-08-03,SSE,560390,电网E,226925.8
2026-08-03,SSE,560400,证券华泰,19249.3
2026-08-03,SSE,560410,电池鹏华,6578.61
2026-08-03,SSE,560420,食品Q,13878.02
2026-08-03,SSE,560450,电力TH,26256.9
2026-08-03,SSE,560460,电力平安,29503.7
2026-08-03,SSE,560470,有色E,31834
2026-08-03,SSE,560480,中证电力,14880.3
2026-08-03,SSE,560490,华泰有色,12848.2
2026-08-03,SSE,560500,500质量,29333.9
2026-08-03,SSE,560510,中证A500,262102.69
2026-08-03,SSE,560520,红利大成,6375.1
2026-08-03,SSE,560530,A500ETF,377562.37
2026-08-03,SSE,560550,碳中和,12759.74
2026-08-03,SSE,560560,碳中和TK,7519.01
2026-08-03,SSE,560570,A500低波,127954.12
2026-08-03,SSE,560580,电力指基,51700.3
2026-08-03,SSE,560590,1000鹏华,3171
2026-08-03,SSE,560610,A500指数,496698.84
2026-08-03,SSE,560620,公用WJ,2686.7
2026-08-03,SSE,560630,机器人WJ,17139.4
2026-08-03,SSE,560650,核心50,791.92
2026-08-03,SSE,560660,云50ETF,13493.8
2026-08-03,SSE,560670,中证银行,5997.4
2026-08-03,SSE,560680,龙头消费,35472.56
2026-08-03,SSE,560690,电信主题,2038.9
2026-08-03,SSE,560700,央红利50,45903.69
2026-08-03,SSE,560710,船舶ETF,197258
2026-08-03,SSE,560720,工银红利,10854.8
2026-08-03,SSE,560730,红利GTHT,10983.63
2026-08-03,SSE,560750,A500申万,6655.48
2026-08-03,SSE,560770,机器人ZS,165013.3
2026-08-03,SSE,560780,半导设备,1207048.8
2026-08-03,SSE,560790,软件服务,22045.59
2026-08-03,SSE,560800,数字ETF,29595.11
2026-08-03,SSE,560810,央企ESG,19011.6
2026-08-03,SSE,560820,A50新华,4092.6
2026-08-03,SSE,560830,电指数,74601.9
2026-08-03,SSE,560850,信创50,7616.4
2026-08-03,SSE,560860,工业有色,564923.3
2026-08-03,SSE,560870,中银有色,10135.19
2026-08-03,SSE,560880,家电基金,22223.2
2026-08-03,SSE,560900,创新药企,23196.91
2026-08-03,SSE,560910,中证电池,20972.1
2026-08-03,SSE,560920,招商机械,5237.33
2026-08-03,SSE,560930,电力E,23152.4
2026-08-03,SSE,560950,500增,1748.3
2026-08-03,SSE,560970,有色金属,7513.8
2026-08-03,SSE,560980,光伏龙头,34202.2
2026-08-03,SSE,560990,科技先锋,1618.71
2026-08-03,SSE,561000,300指增,5992
2026-08-03,SSE,561010,软件开发,27835.6
2026-08-03,SSE,561030,机械华泰,19155
2026-08-03,SSE,561050,稀金属E,23625
2026-08-03,SSE,561060,红利国企,5456.5
2026-08-03,SSE,561080,现金自由,2525
2026-08-03,SSE,561090,A500增,26397.4
2026-08-03,SSE,561100,电子龙头,58074.69
2026-08-03,SSE,561120,家电ETF,3115.99
2026-08-03,SSE,561130,国货ETF,9793.52
2026-08-03,SSE,561160,锂电池,238883.5
2026-08-03,SSE,561170,绿电50,61653.27
2026-08-03,SSE,561180,A100ETF,4960.96
2026-08-03,SSE,561190,双碳ETF,19631.8
2026-08-03,SSE,561200,A100基金,3347.05
2026-08-03,SSE,561220,国企数字,4455.3
2026-08-03,SSE,561230,A50,46247.78
2026-08-03,SSE,561250,稀金属PH,17675.22
2026-08-03,SSE,561260,能源ETF,2669.52
2026-08-03,SSE,561280,增强1000,8484.77
2026-08-03,SSE,561300,300增ETF,50596.5
2026-08-03,SSE,561310,消电ETF,10783.31
2026-08-03,SSE,561320,交运ETF,5136.9
2026-08-03,SSE,561330,矿业ETF,175739.21
2026-08-03,SSE,561350,国泰500,10370
2026-08-03,SSE,561360,石油ETF,140014.8
2026-08-03,SSE,561370,2000ETF,3235.6
2026-08-03,SSE,561380,电网ETF,666853.4
2026-08-03,SSE,561400,N鑫元养,12151.9
2026-08-03,SSE,561420,300现金,106523.7
2026-08-03,SSE,561430,全指质量,5522.32
2026-08-03,SSE,561450,N低波50,16612.43
2026-08-03,SSE,561460,AITH,29602
2026-08-03,SSE,561470,畜牧TH,6093.6
2026-08-03,SSE,561490,红利财通,15963.13
2026-08-03,SSE,561500,漂亮50,5610.03
2026-08-03,SSE,561510,中医药,6820.6
2026-08-03,SSE,561550,500指增,136498.96
2026-08-03,SSE,561560,电力ETF,227412.42
2026-08-03,SSE,561570,油气基金,7914.7
2026-08-03,SSE,561580,央企红利,224637.07
2026-08-03,SSE,561590,1000增强,11149.96
2026-08-03,SSE,561600,消费电子,28854.8
2026-08-03,SSE,561630,华泰质量,8689.8
2026-08-03,SSE,561660,通航基金,6771
2026-08-03,SSE,561680,A500红低,6216.9
2026-08-03,SSE,561700,电力基金,37831.36
2026-08-03,SSE,561750,A50博时,6299.6
2026-08-03,SSE,561760,油气博时,16819.5
2026-08-03,SSE,561770,指基A100,3755
2026-08-03,SSE,561780,1000指增,2135.58
2026-08-03,SSE,561790,现代能源,5873.4
2026-08-03,SSE,561800,稀金属,21807.72
2026-08-03,SSE,561870,现金流指,10676.5
2026-08-03,SSE,561880,A100指数,8038.9
2026-08-03,SSE,561900,沪深ESG,2333.44
2026-08-03,SSE,561910,电池ETF,476307.66
2026-08-03,SSE,561920,疫苗龙头,4169.2
2026-08-03,SSE,561930,招商300,25926.06
2026-08-03,SSE,561950,500增强A,7365.6
2026-08-03,SSE,561960,央企回报,5718.52
2026-08-03,SSE,561980,芯片设备,860055
2026-08-03,SSE,561990,300增强,34064.92
2026-08-03,SSE,562000,中证A100,63273.79
2026-08-03,SSE,562010,绿色能源,1929.87
2026-08-03,SSE,562030,信创基金,13897.39
2026-08-03,SSE,562050,药ETF,10846.8
2026-08-03,SSE,562060,标普红利,545279.26
2026-08-03,SSE,562070,300ETF增,56454.2
2026-08-03,SSE,562080,自由现金,63475.72
2026-08-03,SSE,562300,低碳ETF,7849.5
2026-08-03,SSE,562310,300成长,49057.23
2026-08-03,SSE,562320,300价值A,6429.55
2026-08-03,SSE,562330,500价值,1101.89
2026-08-03,SSE,562340,500成长,814.43
2026-08-03,SSE,562350,电力,14641.09
2026-08-03,SSE,562360,机器人YH,29747.4
2026-08-03,SSE,562380,科技引领,7912.89
2026-08-03,SSE,562390,中药,8342.9
2026-08-03,SSE,562500,机器人,1853968.73
2026-08-03,SSE,562510,旅游ETF,105709.5
2026-08-03,SSE,562520,1000成长,4056.8
2026-08-03,SSE,562530,1000价值,17014.4
2026-08-03,SSE,562550,绿电ETF,167891.93
2026-08-03,SSE,562560,信息技术,2426.55
2026-08-03,SSE,562570,信创ETF,30528.1
2026-08-03,SSE,562580,可选消费,3772.33
2026-08-03,SSE,562590,半导材料,866898.9
2026-08-03,SSE,562600,医疗器械,48693.74
2026-08-03,SSE,562660,ZZ2000,26887.4
2026-08-03,SSE,562700,汽车零件,10275
2026-08-03,SSE,562800,稀有金属,569969.5
2026-08-03,SSE,562810,上证增强,7795.1
2026-08-03,SSE,562820,集成电路,43640.8
2026-08-03,SSE,562850,央企能源,19598.15
2026-08-03,SSE,562860,疫苗ETF,32489.5
2026-08-03,SSE,562870,证券全指,57450.52
2026-08-03,SSE,562880,电池基金,96589.96
2026-08-03,SSE,562890,A50中证,21505.1
2026-08-03,SSE,562900,现代农业,22170.63
2026-08-03,SSE,562910,高端制造,34822.73
2026-08-03,SSE,562920,信息安全,9606.9
2026-08-03,SSE,562930,软件30,153943.7
2026-08-03,SSE,562950,消电50,94425.83
2026-08-03,SSE,562960,绿色电力,133739.1
2026-08-03,SSE,562970,光伏E,35944.8
2026-08-03,SSE,562990,碳中和E,38475.6
2026-08-03,SSE,563000,中国A50,161345.11
2026-08-03,SSE,563010,电信ETF,9318.93
2026-08-03,SSE,563020,低波红利,1115691
2026-08-03,SSE,563030,增强500,12416.9
2026-08-03,SSE,563050,科技央企,12120.84
2026-08-03,SSE,563060,央企50,19452.7
2026-08-03,SSE,563080,中证A50E,112458.84
2026-08-03,SSE,563090,上50增强,6184.8
2026-08-03,SSE,563150,油气资源,3539.9
2026-08-03,SSE,563180,高股息,11342
2026-08-03,SSE,563200,2000指数,5945.88
2026-08-03,SSE,563210,专精特新,11606.7
2026-08-03,SSE,563220,A500富国,642801.37
2026-08-03,SSE,563230,卫星ETF,373123.7
2026-08-03,SSE,563280,A50增强,670.66
2026-08-03,SSE,563300,中证2000,497617.4
2026-08-03,SSE,563320,通用航空,22689.2
2026-08-03,SSE,563330,A股ETF,4506.06
2026-08-03,SSE,563350,中证A50,18999.76
2026-08-03,SSE,563360,A500基金,3380298.74
2026-08-03,SSE,563380,航空航天,95995
2026-08-03,SSE,563390,现金基金,209084.4
2026-08-03,SSE,563500,A500华宝,78395.87
2026-08-03,SSE,563510,A500红利,31453.7
2026-08-03,SSE,563520,300永赢,43906.5
2026-08-03,SSE,563530,卫星E,164274.8
2026-08-03,SSE,563550,增强A500,9755.9
2026-08-03,SSE,563560,科技成长,6576.9
2026-08-03,SSE,563570,金融科,10737.4
2026-08-03,SSE,563580,现金800,25264.8
2026-08-03,SSE,563590,红利A500,6594.44
2026-08-03,SSE,563600,A500增强,7248.3
2026-08-03,SSE,563620,现金流全,5404.9
2026-08-03,SSE,563630,A500指增,4594.71
2026-08-03,SSE,563650,A500中证,14090.9
2026-08-03,SSE,563660,A500银河,6308.52
2026-08-03,SSE,563670,金科基金,18698.7
2026-08-03,SSE,563680,现金流TF,11095.9
2026-08-03,SSE,563690,红利永赢,3588.2
2026-08-03,SSE,563700,红利价值,40115
2026-08-03,SSE,563750,500添富,36223.7
2026-08-03,SSE,563760,中银现金,73791.32
2026-08-03,SSE,563770,全指现金,2880.7
2026-08-03,SSE,563780,现金指数,35702.71
2026-08-03,SSE,563790,卫星产业,127444.7
2026-08-03,SSE,563800,A500龙头,896297.81
2026-08-03,SSE,563830,现金流基,14889.6
2026-08-03,SSE,563850,食品广发,11788.17
2026-08-03,SSE,563860,A500海富,19484.43
2026-08-03,SSE,563870,航空通用,10930.39
2026-08-03,SSE,563880,A500添富,168199.64
2026-08-03,SSE,563890,红利国有,2533.6
2026-08-03,SSE,563900,现金流,48696.57
2026-08-03,SSE,563930,上指增强,4359.2
2026-08-03,SSE,563960,300质量,41551.2
2026-08-03,SSE,563980,800红利,19196.7
2026-08-03,SSE,563990,800现金,30457.3
2026-08-03,SSE,588000,科创50,5384066.82
2026-08-03,SSE,588010,科创材料,96792.58
2026-08-03,SSE,588020,科创50E,181137.3
2026-08-03,SSE,588030,科创指基,251983.81
2026-08-03,SSE,588040,科创板指,16588.9
2026-08-03,SSE,588050,科创ETF,632724.13
2026-08-03,SSE,588060,上证科创,783114
2026-08-03,SSE,588070,科创万家,3243.7
2026-08-03,SSE,588080,科创板50,2503062.81
2026-08-03,SSE,588090,科创板,294607.28
2026-08-03,SSE,588100,科创信息,21574.62
2026-08-03,SSE,588110,科创成长,75703.2
2026-08-03,SSE,588120,科100ETF,99162.2
2026-08-03,SSE,588130,科创药,50058.26
2026-08-03,SSE,588140,科200GF,23575.1
2026-08-03,SSE,588150,科创龙头,38393.26
2026-08-03,SSE,588160,科创新材,69849.6
2026-08-03,SSE,588170,科创半导,4607744.7
2026-08-03,SSE,588180,科创50基,75235.37
2026-08-03,SSE,588190,科创100,153761.83
2026-08-03,SSE,588200,科创芯片,4458418.43
2026-08-03,SSE,588210,科创100E,21825.4
2026-08-03,SSE,588220,科创100F,323569.79
2026-08-03,SSE,588230,科创200,49193.9
2026-08-03,SSE,588240,科200,12863.3
2026-08-03,SSE,588250,KC医药,31567.5
2026-08-03,SSE,588260,科创技术,4974.6
2026-08-03,SSE,588270,科创200F,27141
2026-08-03,SSE,588280,科创五零,39212.1
2026-08-03,SSE,588290,芯片科创,165389.7
2026-08-03,SSE,588300,双创ETF,154921.05
2026-08-03,SSE,588310,双创基金,3423.75
2026-08-03,SSE,588320,双创增强,8082.46
2026-08-03,SSE,588330,双创龙头,124373.78
2026-08-03,SSE,588350,双创,64254.6
2026-08-03,SSE,588360,创创ETF,22188.18
2026-08-03,SSE,588370,科创策略,7577.2
2026-08-03,SSE,588380,创50ETF,271777
2026-08-03,SSE,588390,科创创业,17393.59
2026-08-03,SSE,588400,双创50,125460.06
2026-08-03,SSE,588410,双创AI,11525
2026-08-03,SSE,588420,AI双创,33364.8
2026-08-03,SSE,588430,科创创AI,9645.8
2026-08-03,SSE,588450,科创50增,5456.87
2026-08-03,SSE,588460,科创增强,66601.4
2026-08-03,SSE,588470,双创智能,28090.7
2026-08-03,SSE,588480,AI50双创,23171.7
2026-08-03,SSE,588500,科创100Z,4064.7
2026-08-03,SSE,588510,智能双创,32717.5
2026-08-03,SSE,588520,科创增,2095.7
2026-08-03,SSE,588530,AIBOCI,28743.33
2026-08-03,SSE,588550,科创增指,7129
2026-08-03,SSE,588660,双创五零,4734.4
2026-08-03,SSE,588670,科综增强,3979.2
2026-08-03,SSE,588680,科100增,3236.1
2026-08-03,SSE,588690,科综指增,5163.6
2026-08-03,SSE,588700,科创生物,50533.62
2026-08-03,SSE,588710,科半导体,365029.5
2026-08-03,SSE,588720,中银科创,10974.18
2026-08-03,SSE,588730,科创AI,72139.63
2026-08-03,SSE,588750,科创芯50,330122.8
2026-08-03,SSE,588760,AI科创,236253.2
2026-08-03,SSE,588770,信息科创,31459.71
2026-08-03,SSE,588780,芯片设计,117590.2
2026-08-03,SSE,588790,科创智能,316338.4
2026-08-03,SSE,588800,科创100C,162987.7
2026-08-03,SSE,588810,科创板芯,62132.4
2026-08-03,SSE,588820,科创200E,15140
2026-08-03,SSE,588830,科创新能,71784.79
2026-08-03,SSE,588840,50科创,7023.6
2026-08-03,SSE,588850,科创机械,8077.9
2026-08-03,SSE,588860,科创医药,38088.94
2026-08-03,SSE,588870,科创50指,80655.2
2026-08-03,SSE,588880,科创指数,11736.8
2026-08-03,SSE,588890,科创芯,87981
2026-08-03,SSE,588900,科创100S,34078.3
2026-08-03,SSE,588910,科创价值,10304.91
2026-08-03,SSE,588920,KC芯片,17343.8
2026-08-03,SSE,588930,科创板AI,60932.9
2026-08-03,SSE,588940,科创富国,299084
2026-08-03,SSE,588950,景顺科创,63572.97
2026-08-03,SSE,588960,新能科创,14557.98
2026-08-03,SSE,588980,科创广发,1442
2026-08-03,SSE,588990,科芯片,20774.54
2026-08-03,SSE,589000,科创综指,108350.78
2026-08-03,SSE,589010,科创AI指,93879.3
2026-08-03,SSE,589020,KC半导体,245021.9
2026-08-03,SSE,589030,科芯设计,37307.7
2026-08-03,SSE,589050,科创E,4696.8
2026-08-03,SSE,589060,科综东财,9713.79
2026-08-03,SSE,589070,科芯TH,189529.3
2026-08-03,SSE,589080,科创综E,16806.1
2026-08-03,SSE,589090,KCAI,16693.1
2026-08-03,SSE,589100,国泰芯片,94744.25
2026-08-03,SSE,589110,科AI国泰,51341.3
2026-08-03,SSE,589120,创新药基,133662
2026-08-03,SSE,589130,科创芯易,322178
2026-08-03,SSE,589150,科创平安,77143.72
2026-08-03,SSE,589160,科芯片GF,34429.6
2026-08-03,SSE,589170,芯设计KC,15090.9
2026-08-03,SSE,589180,科创材基,13131.8
2026-08-03,SSE,589190,科创芯基,308556.2
2026-08-03,SSE,589200,科200E,2550.7
2026-08-03,SSE,589210,芯设计GF,116893.8
2026-08-03,SSE,589220,科200GT,32849.58
2026-08-03,SSE,589230,AI科创CS,23105.3
2026-08-03,SSE,589250,芯设计PY,8710.13
2026-08-03,SSE,589260,科创芯设,5815.6
2026-08-03,SSE,589270,科创100Q,3051.66
2026-08-03,SSE,589280,科综增指,15406.9
2026-08-03,SSE,589290,芯片主题,13584.89
2026-08-03,SSE,589300,科综嘉实,4158.25
2026-08-03,SSE,589310,科创人工,28949.18
2026-08-03,SSE,589320,科200JS,12605.3
2026-08-03,SSE,589330,科200DC,11590.2
2026-08-03,SSE,589350,科芯片指,23028.15
2026-08-03,SSE,589360,科创50GT,262117.4
2026-08-03,SSE,589380,AI科创指,9169.43
2026-08-03,SSE,589390,芯设计,122781.05
2026-08-03,SSE,589400,芯设计FG,28778.52
2026-08-03,SSE,589410,科创AIJS,55856.56
2026-08-03,SSE,589420,芯设计MW,35448.15
2026-08-03,SSE,589500,科综工银,9006.4
2026-08-03,SSE,589520,AI科创板,77110.46
2026-08-03,SSE,589550,KC价值,2529.55
2026-08-03,SSE,589560,科创AITF,23835.5
2026-08-03,SSE,589580,科综价格,1835.48
2026-08-03,SSE,589600,富国科综,22553.5
2026-08-03,SSE,589630,科综国泰,37325.8
2026-08-03,SSE,589660,综指科创,26153
2026-08-03,SSE,589680,科创综Z,138994.37
2026-08-03,SSE,589700,成长科创,1829.1
2026-08-03,SSE,589720,科创新药,453182.3
2026-08-03,SSE,589770,科创全指,16356.92
2026-08-03,SSE,589780,科200FG,5421.5
2026-08-03,SSE,589800,科创综合,110798.82
2026-08-03,SSE,589820,科200F,12972.02
2026-08-03,SSE,589850,科创东财,83505.7
2026-08-03,SSE,589860,天弘科综,18222.4
2026-08-03,SSE,589880,科创综,49999.6
2026-08-03,SSE,589890,景顺科综,8998.7
2026-08-03,SSE,589900,博时科综,19390.82
2026-08-03,SSE,589950,科100FG,33387.3
2026-08-03,SSE,589960,科创新源,18431.6
2026-08-03,SSE,589980,科基100,12612.2
2026-08-03,SSE,589990,科创板综,11409
2026-08-03,SZSE,159001,货币ETF易方达,2455.94
2026-08-03,SZSE,159003,招商快线ETF,190.03
2026-08-03,SZSE,159005,快钱ETF汇添富,114.18
2026-08-03,SZSE,159007,养殖ETF华泰柏瑞,19260.32
2026-08-03,SZSE,159008,证券ETF景顺,11828.45
2026-08-03,SZSE,159009,创业板新能源ETF易方达,6339.27
2026-08-03,SZSE,159010,港股通科技ETF博时,20859.76
2026-08-03,SZSE,159011,养殖ETF华安,3550.51
2026-08-03,SZSE,159012,科创创业50ETF鹏华,12288.11
2026-08-03,SZSE,159013,工业互联网ETF大成,5057.88
2026-08-03,SZSE,159015,恒生港股通科技ETF国联,11335.29
2026-08-03,SZSE,159016,证券ETF广发,36254.01
2026-08-03,SZSE,159017,石油ETF工银,15825.68
2026-08-03,SZSE,159018,石油ETF广发,3390.42
2026-08-03,SZSE,159019,石油ETF华宝,5332.77
2026-08-03,SZSE,159020,养殖ETF易方达,13556.70
2026-08-03,SZSE,159021,大盘价值ETF华夏,11390.77
2026-08-03,SZSE,159022,科创创业人工智能ETF富国,19863.09
2026-08-03,SZSE,159023,养殖ETF万家,3977.79
2026-08-03,SZSE,159026,石油ETF南方,4851.34
2026-08-03,SZSE,159027,畜牧养殖ETF大成,11847.22
2026-08-03,SZSE,159028,港股汽车ETF天弘,12644.90
2026-08-03,SZSE,159029,有色ETF广发,36012.77
2026-08-03,SZSE,159030,粮食ETF华夏,28846.81
2026-08-03,SZSE,159031,粮食ETF博时,51002.86
2026-08-03,SZSE,159032,工业有色ETF易方达,26084.50
2026-08-03,SZSE,159033,粮食ETF国泰,18232.34
2026-08-03,SZSE,159035,软件ETF天弘,44185.97
2026-08-03,SZSE,159036,软件开发ETF华宝,32874.01
2026-08-03,SZSE,159037,价值ETF鹏华,9724.98
2026-08-03,SZSE,159038,粮食ETF易方达,17402.69
2026-08-03,SZSE,159039,机器人ETF华安,73846.14
2026-08-03,SZSE,159040,港股通互联网ETF鹏华,5148.10
2026-08-03,SZSE,159041,农业ETF鹏华,9847.18
2026-08-03,SZSE,159042,价值ETF汇添富,12680.11
2026-08-03,SZSE,159045,稀有金属ETF大成,18033.02
2026-08-03,SZSE,159046,绿电ETF天弘,41197.68
2026-08-03,SZSE,159048,机器人ETF大成,20880.38
2026-08-03,SZSE,159049,有色ETF工银,18407.33
2026-08-03,SZSE,159050,机器人ETF广发,73270.36
2026-08-03,SZSE,159051,医疗器械ETF易方达,12711.78
2026-08-03,SZSE,159052,新能源电池ETF嘉实,19992.60
2026-08-03,SZSE,159053,稀有金属ETF华夏,15869.81
2026-08-03,SZSE,159055,稀有金属ETF富国,12329.39
2026-08-03,SZSE,159056,医疗器械ETF富国,14293.43
2026-08-03,SZSE,159057,医疗器械ETF鹏华,6471.53
2026-08-03,SZSE,159059,电力ETF大成,6583.00
2026-08-03,SZSE,159060,粮食ETF浦银,7048.34
2026-08-03,SZSE,159061,绿色电力ETF南方,21244.02
2026-08-03,SZSE,159062,稀有金属ETF南方,12320.12
2026-08-03,SZSE,159063,粮食ETF南方,6598.66
2026-08-03,SZSE,159065,工程机械ETF景顺,11935.08
2026-08-03,SZSE,159066,A股ETF建信,23273.30
2026-08-03,SZSE,159067,绿色电力ETF鹏华,4290.87
2026-08-03,SZSE,159068,软件ETF华夏,10033.65
2026-08-03,SZSE,159069,创业板新能源ETF华泰柏瑞,13277.04
2026-08-03,SZSE,159070,工程机械ETF嘉实,11236.68
2026-08-03,SZSE,159071,新能源电池ETF华宝,12491.17
2026-08-03,SZSE,159072,粮食ETF景顺,5028.51
2026-08-03,SZSE,159075,工业互联网ETF华夏,19719.71
2026-08-03,SZSE,159076,创业板新能源ETF华宝,26837.30
2026-08-03,SZSE,159078,A股ETF富国,19726.24
2026-08-03,SZSE,159079,价值ETF兴全,16580.68
2026-08-03,SZSE,159085,价值ETF永赢,6653.54
2026-08-03,SZSE,159086,金融科技ETF广发,7939.98
2026-08-03,SZSE,159087,化工ETF万家,17699.21
2026-08-03,SZSE,159091,港股通金融ETF易方达,4837.41
2026-08-03,SZSE,159093,化工ETF汇添富,11668.14
2026-08-03,SZSE,159099,云计算ETF华宝,26761.05
2026-08-03,SZSE,159100,巴西ETF华夏,45054.69
2026-08-03,SZSE,159101,港股通科技ETF华夏,296831.14
2026-08-03,SZSE,159102,港股通生物科技ETF华安,74062.20
2026-08-03,SZSE,159103,金融科技ETF汇添富,32440.67
2026-08-03,SZSE,159105,恒生生物科技ETF易方达,21627.29
2026-08-03,SZSE,159106,民企300ETF前海开源,3757.94
2026-08-03,SZSE,159107,创业板软件ETF富国,82682.30
2026-08-03,SZSE,159108,工业软件ETF博时,12573.85
2026-08-03,SZSE,159109,恒生50ETF景顺,66116.38
2026-08-03,SZSE,159110,科创债ETF万家,2251.70
2026-08-03,SZSE,159111,科创债ETF天弘,14458.66
2026-08-03,SZSE,159112,科创债ETF银华,22538.78
2026-08-03,SZSE,159113,科创债ETF大成,8625.62
2026-08-03,SZSE,159115,科创债ETF华安,5067.34
2026-08-03,SZSE,159116,科创债ETF工银,11342.27
2026-08-03,SZSE,159117,港股通红利低波ETF鹏华,6140.11
2026-08-03,SZSE,159118,港股通红利低波ETF华夏,7067.70
2026-08-03,SZSE,159119,800现金流ETF招商,16305.42
2026-08-03,SZSE,159120,港股通科技ETF国联安,15102.44
2026-08-03,SZSE,159121,港股通汽车ETF易方达,15348.11
2026-08-03,SZSE,159122,创业板新能源ETF富国,7316.09
2026-08-03,SZSE,159123,光伏ETF嘉实,37904.70
2026-08-03,SZSE,159125,港股通科技ETF招商,85924.58
2026-08-03,SZSE,159126,港股通50ETF南方,24661.65
2026-08-03,SZSE,159127,港股通红利ETF南方,16734.42
2026-08-03,SZSE,159128,港股科技ETF天弘,191276.08
2026-08-03,SZSE,159129,化工ETF嘉实,117290.65
2026-08-03,SZSE,159130,恒生生物科技ETF鹏华,22738.94
2026-08-03,SZSE,159131,港股通信息技术ETF华宝,263191.99
2026-08-03,SZSE,159132,恒生生物科技ETF富国,13996.35
2026-08-03,SZSE,159133,化工ETF天弘,164541.33
2026-08-03,SZSE,159135,港股通科技ETF前海开源,62896.63
2026-08-03,SZSE,159136,A50ETF广发,11091.40
2026-08-03,SZSE,159137,港股通医疗ETF华宝,16563.26
2026-08-03,SZSE,159138,工程机械ETF易方达,31376.79
2026-08-03,SZSE,159139,科创创业人工智能ETF华泰柏瑞,18010.92
2026-08-03,SZSE,159140,科创创业人工智能ETF易方达,48193.68
2026-08-03,SZSE,159141,科创创业人工智能ETF永赢,191306.07
2026-08-03,SZSE,159142,科创创业人工智能ETF景顺,149326.01
2026-08-03,SZSE,159143,港股通央企红利ETF平安,5655.44
2026-08-03,SZSE,159145,工业软件ETF广发,7158.18
2026-08-03,SZSE,159146,电力ETF华宝,74844.08
2026-08-03,SZSE,159147,电池ETF南方,205740.95
2026-08-03,SZSE,159148,石油ETF富国,23946.66
2026-08-03,SZSE,159149,创业板新能源ETF工银,6051.52
2026-08-03,SZSE,159150,深证50ETF易方达,9499.76
2026-08-03,SZSE,159151,食品ETF华夏,20625.10
2026-08-03,SZSE,159152,港股通科技ETF平安,84355.60
2026-08-03,SZSE,159153,消费电子ETF鹏华,10172.59
2026-08-03,SZSE,159155,电池ETF大成,59151.32
2026-08-03,SZSE,159156,电池ETF万家,21546.12
2026-08-03,SZSE,159157,有色金属ETF天弘,826375.87
2026-08-03,SZSE,159158,电力ETF景顺,103753.53
2026-08-03,SZSE,159159,公用事业ETF国投瑞银,12531.85
2026-08-03,SZSE,159160,电池ETF东财,24781.92
2026-08-03,SZSE,159161,工程机械ETF东财,7333.12
2026-08-03,SZSE,159162,工业有色ETF鹏华,49093.98
2026-08-03,SZSE,159163,有色ETF泰康,27080.70
2026-08-03,SZSE,159165,养殖ETF永赢,11457.12
2026-08-03,SZSE,159166,现金流ETF长城,58281.60
2026-08-03,SZSE,159167,港股通医疗ETF工银,21454.91
2026-08-03,SZSE,159168,有色ETF富国,56045.50
2026-08-03,SZSE,159169,恒生生物科技ETF广发,17487.44
2026-08-03,SZSE,159170,港股通互联网ETF永赢,42063.83
2026-08-03,SZSE,159171,工业有色ETF博时,23053.29
2026-08-03,SZSE,159172,养殖ETF汇添富,40482.92
2026-08-03,SZSE,159173,农牧ETF南方,5345.53
2026-08-03,SZSE,159175,电池ETF易方达,52527.03
2026-08-03,SZSE,159176,家电ETF华宝,2330.33
2026-08-03,SZSE,159177,工程机械ETF鹏华,4961.92
2026-08-03,SZSE,159178,消费电子ETF汇添富,9043.29
2026-08-03,SZSE,159179,港股通互联网ETF工银,11290.35
2026-08-03,SZSE,159180,软件ETF银华,3215.59
2026-08-03,SZSE,159181,石油ETF易方达,14940.53
2026-08-03,SZSE,159182,家电ETF南方,3848.56
2026-08-03,SZSE,159183,新能源车ETF招商,5038.77
2026-08-03,SZSE,159185,港股通信息技术ETF鹏华,23609.90
2026-08-03,SZSE,159186,港股通汽车ETF鹏华,8086.92
2026-08-03,SZSE,159187,创业板新能源ETF景顺,5617.62
2026-08-03,SZSE,159188,红利100ETF景顺,7060.18
2026-08-03,SZSE,159189,石油ETF华夏,11608.31
2026-08-03,SZSE,159190,创业板新能源ETF天弘,8006.92
2026-08-03,SZSE,159191,港股通科技ETF易方达,7210.48
2026-08-03,SZSE,159192,家电ETF汇添富,1698.70
2026-08-03,SZSE,159193,新能源电池ETF银华,23808.03
2026-08-03,SZSE,159195,石油ETF华安,8549.01
2026-08-03,SZSE,159196,港股通信息技术ETF易方达,22353.03
2026-08-03,SZSE,159197,石油ETF招商,4738.82
2026-08-03,SZSE,159198,港股通信息技术ETF富国,11334.43
2026-08-03,SZSE,159199,石油ETF平安,6815.49
2026-08-03,SZSE,159200,科创债ETF富国,14660.26
2026-08-03,SZSE,159201,自由现金流ETF华夏,1496927.59
2026-08-03,SZSE,159202,恒生互联网ETF万家,121140.19
2026-08-03,SZSE,159203,大盘成长ETF博时,979.19
2026-08-03,SZSE,159205,创业板ETF东财,75705.60
2026-08-03,SZSE,159206,卫星ETF永赢,1089695.33
2026-08-03,SZSE,159207,高股息ETF广发,206798.33
2026-08-03,SZSE,159208,航空航天ETF万家,35346.27
2026-08-03,SZSE,159209,红利质量ETF招商,216963.50
2026-08-03,SZSE,159210,港股通汽车ETF汇添富,3454.98
2026-08-03,SZSE,159211,深证100ETF富国,1968.32
2026-08-03,SZSE,159212,深100ETF南方,8720.43
2026-08-03,SZSE,159213,机器人ETF汇添富,49623.75
2026-08-03,SZSE,159215,A500ETF平安,97058.28
2026-08-03,SZSE,159216,深证100ETF大成,954.82
2026-08-03,SZSE,159217,港股通创新药ETF工银,603815.75
2026-08-03,SZSE,159218,卫星ETF招商,219461.63
2026-08-03,SZSE,159219,深证100ETF融通,838.80
2026-08-03,SZSE,159220,港股通红利低波ETF华宝,49156.95
2026-08-03,SZSE,159221,现金流ETF嘉实,124801.32
2026-08-03,SZSE,159222,自由现金流ETF易方达,179337.04
2026-08-03,SZSE,159223,现金流ETF永赢,18884.47
2026-08-03,SZSE,159225,现金流ETF银华,27574.48
2026-08-03,SZSE,159226,中证A500增强ETF国泰,11709.48
2026-08-03,SZSE,159227,航空航天ETF华夏,503791.11
2026-08-03,SZSE,159228,红利低波ETF长城,11021.26
2026-08-03,SZSE,159229,自由现金流ETF广发,15255.60
2026-08-03,SZSE,159230,通用航空ETF华夏,31330.42
2026-08-03,SZSE,159231,通用航空ETF华宝,34709.18
2026-08-03,SZSE,159232,自由现金流ETF南方,215494.85
2026-08-03,SZSE,159233,自由现金流ETF平安,69662.34
2026-08-03,SZSE,159235,中证现金流ETF大成,226372.95
2026-08-03,SZSE,159236,自由现金流ETF工银,4172.21
2026-08-03,SZSE,159237,港股汽车ETF工银,5133.42
2026-08-03,SZSE,159238,沪深300增强ETF景顺,7701.61
2026-08-03,SZSE,159239,港股通汽车ETF富国,7578.07
2026-08-03,SZSE,159240,A500增强ETF天弘,2361.97
2026-08-03,SZSE,159241,航空航天ETF天弘,136407.42
2026-08-03,SZSE,159242,创业板人工智能ETF大成,69127.85
2026-08-03,SZSE,159243,创业板人工智能ETF招商,14603.02
2026-08-03,SZSE,159245,港股通消费ETF富国,7211.32
2026-08-03,SZSE,159246,创业板人工智能ETF富国,333965.56
2026-08-03,SZSE,159247,创业板ETF汇添富,57198.49
2026-08-03,SZSE,159248,人工智能ETF万家,12509.56
2026-08-03,SZSE,159249,A500增强ETF工银,10519.19
2026-08-03,SZSE,159251,港股通科技ETF万家,24978.77
2026-08-03,SZSE,159253,银行ETF博时,55640.49
2026-08-03,SZSE,159255,通用航空ETF易方达,7133.88
2026-08-03,SZSE,159256,创业板软件ETF华夏,58218.37
2026-08-03,SZSE,159257,航空ETF汇添富,15141.69
2026-08-03,SZSE,159258,机器人ETF南方,128676.56
2026-08-03,SZSE,159259,成长ETF易方达,392569.64
2026-08-03,SZSE,159260,证券ETF博时,114571.35
2026-08-03,SZSE,159261,创业板新能源ETF鹏华,4781.49
2026-08-03,SZSE,159262,港股通科技ETF广发,590922.04
2026-08-03,SZSE,159263,价值ETF易方达,589210.51
2026-08-03,SZSE,159265,港股消费ETF鹏华,17795.08
2026-08-03,SZSE,159266,港股央企红利ETF永赢,35571.00
2026-08-03,SZSE,159267,航天ETF华安,272850.61
2026-08-03,SZSE,159268,港股通消费ETF汇添富,43505.50
2026-08-03,SZSE,159269,港股通科技ETF南方,205131.17
2026-08-03,SZSE,159270,创业板200ETF南方,8876.36
2026-08-03,SZSE,159271,恒生ETF鹏华,36638.67
2026-08-03,SZSE,159272,机器人ETF富国,384816.46
2026-08-03,SZSE,159273,云计算ETF汇添富,67377.75
2026-08-03,SZSE,159275,农牧渔ETF华宝,25930.29
2026-08-03,SZSE,159276,现金流ETF汇添富,37669.66
2026-08-03,SZSE,159277,港股通红利ETF富国,3955.70
2026-08-03,SZSE,159278,机器人ETF鹏华,255054.58
2026-08-03,SZSE,159279,创业板人工智能ETF华安,17238.75
2026-08-03,SZSE,159280,港股通互联网ETF汇添富,9971.71
2026-08-03,SZSE,159281,港股央企红利ETF天弘,25023.30
2026-08-03,SZSE,159283,通用航空ETF南方,30543.79
2026-08-03,SZSE,159285,港股通消费ETF华安,24848.66
2026-08-03,SZSE,159286,港股通创新药ETF鹏华,84278.54
2026-08-03,SZSE,159287,创业板综ETF博时,10556.87
2026-08-03,SZSE,159288,创业板综ETF银华,9217.49
2026-08-03,SZSE,159289,创业板综指ETF鹏华,4390.26
2026-08-03,SZSE,159290,创业板综指增强ETF东财,5110.03
2026-08-03,SZSE,159291,创业板综增强ETF招商,2145.73
2026-08-03,SZSE,159292,创业板综增强ETF华宝,18118.95
2026-08-03,SZSE,159293,创业板综增强ETF建信,2315.93
2026-08-03,SZSE,159295,创业综指ETF西部利得,7295.82
2026-08-03,SZSE,159296,A500红利低波ETF华宝,5004.29
2026-08-03,SZSE,159297,港股通创新药ETF南方,387041.86
2026-08-03,SZSE,159298,创业板50ETF大成,16828.10
2026-08-03,SZSE,159299,金融科技ETF易方达,70447.29
2026-08-03,SZSE,159300,沪深300ETF富国,43925.80
2026-08-03,SZSE,159301,公用事业ETF华夏,13045.83
2026-08-03,SZSE,159302,港股高股息ETF银华,5779.76
2026-08-03,SZSE,159303,恒生医疗ETF大成,8399.16
2026-08-03,SZSE,159305,储能电池ETF广发,120464.03
2026-08-03,SZSE,159306,汽车零部件ETF平安,2424.46
2026-08-03,SZSE,159307,红利低波100ETF博时,714190.35
2026-08-03,SZSE,159309,油气ETF汇添富,57237.17
2026-08-03,SZSE,159310,芯片ETF天弘,49098.10
2026-08-03,SZSE,159311,数字经济ETF易方达,3938.39
2026-08-03,SZSE,159312,恒指港股通ETF广发,3322.43
2026-08-03,SZSE,159315,黄金股ETF工银,18458.96
2026-08-03,SZSE,159316,港股通创新药ETF易方达,568933.61
2026-08-03,SZSE,159318,恒指港股通ETF银华,1560.16
2026-08-03,SZSE,159320,电网设备ETF广发,134923.55
2026-08-03,SZSE,159321,黄金股ETF华安,36540.03
2026-08-03,SZSE,159322,黄金股ETF平安,11841.16
2026-08-03,SZSE,159323,港股通汽车ETF华夏,9709.73
2026-08-03,SZSE,159325,半导体ETF南方,56246.05
2026-08-03,SZSE,159326,电网设备ETF华夏,1218926.55
2026-08-03,SZSE,159327,半导体设备ETF万家,225157.40
2026-08-03,SZSE,159328,家电ETF易方达,9655.67
2026-08-03,SZSE,159329,沙特ETF南方,125018.91
2026-08-03,SZSE,159330,沪深300ETF东财,49480.10
2026-08-03,SZSE,159331,红利港股ETF国泰,15269.41
2026-08-03,SZSE,159332,央企红利ETF富国,9752.14
2026-08-03,SZSE,159333,港股央企红利ETF万家,21495.28
2026-08-03,SZSE,159335,央企科创ETF融通,6248.36
2026-08-03,SZSE,159336,央企红利ETF融通,49290.50
2026-08-03,SZSE,159337,中证500ETF东财,30371.06
2026-08-03,SZSE,159338,中证A500ETF国泰,2332708.66
2026-08-03,SZSE,159339,A500ETF银华,200308.68
2026-08-03,SZSE,159350,深证50ETF富国,11600.96
2026-08-03,SZSE,159351,A500ETF嘉实,707612.33
2026-08-03,SZSE,159352,A500ETF南方,2705410.17
2026-08-03,SZSE,159353,中证A500ETF景顺,430416.18
2026-08-03,SZSE,159355,800红利低波ETF华宝,10423.42
2026-08-03,SZSE,159356,A500ETF万家,80912.06
2026-08-03,SZSE,159357,A500ETF博时,121083.38
2026-08-03,SZSE,159358,中证A500ETF大成,69510.64
2026-08-03,SZSE,159359,A500ETF华安,70414.04
2026-08-03,SZSE,159360,A500ETF天弘,125618.45
2026-08-03,SZSE,159361,A500ETF易方达,2242109.02
2026-08-03,SZSE,159362,A500ETF工银,161318.01
2026-08-03,SZSE,159363,创业板人工智能ETF华宝,571816.99
2026-08-03,SZSE,159365,恒指港股通ETF富国,5116.23
2026-08-03,SZSE,159366,港股医疗ETF永赢,20033.30
2026-08-03,SZSE,159367,创业板50ETF华夏,19007.90
2026-08-03,SZSE,159368,创业板新能源ETF华夏,114657.96
2026-08-03,SZSE,159369,创业板50ETF易方达,41375.34
2026-08-03,SZSE,159370,创50ETF工银,22131.60
2026-08-03,SZSE,159371,创业板50ETF富国,18822.11
2026-08-03,SZSE,159372,创业板50ETF万家,6745.15
2026-08-03,SZSE,159373,创业板50ETF嘉实,14755.74
